DiaChi,Quan,TinhTrangBDS,DienTich,Phongngu,TenPhanKhu,SoTang,PhongTam,Loai,GiayTo,MaCanHo,TinhTrangNoiThat,HuongCuaChinh,HuongBanCong,DacDiem,Gia
"Đường Nguyễn Xiển, Phường Đại Kim, Quận Hoàng Mai, Hà Nội",Quận Hoàng Mai,Chưa bàn giao,86.0,3.0,,,2.0,Chung cư,Sổ hồng riêng,,,,,,4.05
"Hoàng Đạo Thành , Phường Kim Giang, Quận Thanh Xuân, Hà Nội",Quận Thanh Xuân,Đã bàn giao,50.0,2.0,,,1.0,"Căn hộ dịch vụ, mini",Hợp đồng mua bán,,,,,,1.73
"Triều Khúc , Phường Thanh Xuân Nam, Quận Thanh Xuân, Hà Nội",Quận Thanh Xuân,Đã bàn giao,45.0,2.0,,,1.0,"Căn hộ dịch vụ, mini",Hợp đồng mua bán,,,,,,1.5
"Giáp Nhất , Phường Nhân Chính, Quận Thanh Xuân, Hà Nội",Quận Thanh Xuân,Đã bàn giao,55.0,2.0,,,1.0,"Căn hộ dịch vụ, mini",Hợp đồng mua bán,,,,,,1.68
"Mỗ Lao, Phường Mộ Lao, Quận Hà Đông, Hà Nội",Quận Hà Đông,Đã bàn giao,176.0,4.0,,,3.0,,,,,Tây Bắc,Đông Nam,,8.8
"Yên Viên, Thị trấn Trâu Quỳ, Huyện Gia Lâm, Hà Nội",Huyện Gia Lâm,Chưa bàn giao,59.0,2.0,,,1.0,Chung cư,Sổ hồng riêng,,,,,,2.65
"Yên Viên, Thị trấn Trâu Quỳ, Huyện Gia Lâm, Hà Nội",Huyện Gia Lâm,Đã bàn giao,60.0,2.0,,,1.0,Chung cư,Sổ hồng riêng,,,,,,2.57
"Ngõ 1 Đỗ Nhuận, Phường Xuân Tảo, Quận Bắc Từ Liêm, Hà Nội",Quận Bắc Từ Liêm,Đã bàn giao,93.0,3.0,A,,2.0,,,,,,Đông Bắc,,6.05
"Hưng Chính, Xã Đông Hội, Huyện Đông Anh, Hà Nội",Huyện Đông Anh,Chưa bàn giao,91.0,3.0,,,2.0,Chung cư,Hợp đồng mua bán,,,,,,9.5
"Phố Hoàng Cầu, Phường Trung Liệt, Quận Đống Đa, Hà Nội",Quận Đống Đa,Đã bàn giao,45.0,2.0,,,1.0,,,,,Đông,Đông Nam,,0.6
"Đường Mỹ Đình, Phường Mỹ Đình 2, Quận Nam Từ Liêm, Hà Nội",Quận Nam Từ Liêm,Đã bàn giao,50.0,2.0,,,1.0,,,,,Đông,Nam,,0.65
"Đường Lê Duẩn, Phường Phương Liên, Quận Đống Đa, Hà Nội",Quận Đống Đa,Đã bàn giao,42.0,2.0,,,1.0,,,,,Đông,Đông Bắc,,0.65
"Phố Hào Nam, Phường Cát Linh, Quận Đống Đa, Hà Nội",Quận Đống Đa,Đã bàn giao,48.0,2.0,,,1.0,,,,,Tây Bắc,Đông Nam,,0.726
"Bạch Mai, Phường Bạch Mai, Quận Hai Bà Trưng, Hà Nội",Quận Hai Bà Trưng,Đã bàn giao,50.0,2.0,,,1.0,Chung cư,Đang chờ sổ,,,,,,1.47
"TÒA SAPPHIRE ( S), Vinhome ocean pack1, Thị trấn Trâu Quỳ, Huyện Gia Lâm, Hà Nội",Huyện Gia Lâm,Đã bàn giao,30.0,1.0,,24.0,1.0,,,,,,Đông Nam,,1.83
"Phố Kim Ngưu, Phường Vĩnh Tuy, Quận Hai Bà Trưng, Hà Nội",Quận Hai Bà Trưng,Đã bàn giao,48.0,2.0,,,1.0,,,,,Đông Bắc,Đông Nam,,0.86
"Phố Trần Hữu Dực, Phường Cầu Diễn, Quận Nam Từ Liêm, Hà Nội",Quận Nam Từ Liêm,Đã bàn giao,104.0,3.0,,,2.0,Chung cư,Sổ hồng riêng,,,,,,5.5
"2323, Trường Sa, Xã Đông Hội, Huyện Đông Anh, Hà Nội",Huyện Đông Anh,Đã bàn giao,85.0,3.0,River,21.0,,Chung cư,,,,,,,4.55
"Đại Mỗ, Phường Tây Mỗ, Quận Nam Từ Liêm, Hà Nội",Quận Nam Từ Liêm,Đã bàn giao,55.0,2.0,,22.0,2.0,,,,,Tây Bắc,,,3.7
"Đường Nguyễn Khánh Toàn, Phường Quan Hoa, Quận Cầu Giấy, Hà Nội",Quận Cầu Giấy,Đã bàn giao,50.0,2.0,,,1.0,Chung cư,Sổ hồng riêng,,,,,,1.67
"Phố Dương Khuê, Phường Mai Dịch, Quận Cầu Giấy, Hà Nội",Quận Cầu Giấy,Đã bàn giao,56.0,2.0,,,1.0,Chung cư,Sổ hồng riêng,,,,,,3.65
"Phố 8 Tháng 3, Phường Quỳnh Mai, Quận Hai Bà Trưng, Hà Nội",Quận Hai Bà Trưng,Chưa bàn giao,65.0,2.0,,,1.0,"Tập thể, cư xá",Sổ hồng riêng,,,,,,2.8
"Thái Hà , Phường Trung Liệt, Quận Đống Đa, Hà Nội",Quận Đống Đa,Đã bàn giao,38.0,2.0,,,2.0,Chung cư,Sổ hồng riêng,,,,,,0.8
"Phố 8 Tháng 3, Phường Quỳnh Mai, Quận Hai Bà Trưng, Hà Nội",Quận Hai Bà Trưng,Chưa bàn giao,65.0,2.0,,5.0,,Chung cư,Sổ hồng riêng,,,,,,2.8
"Đường Hoàng Quốc Việt, Phường Nghĩa Tân, Quận Cầu Giấy, Hà Nội",Quận Cầu Giấy,Đã bàn giao,86.0,3.0,,,2.0,"Tập thể, cư xá",Sổ hồng riêng,,,,,,3.25
"Hoàng Đạo Thành, Phường Kim Giang, Quận Thanh Xuân, Hà Nội",Quận Thanh Xuân,Đã bàn giao,50.0,2.0,,,1.0,"Tập thể, cư xá",Sổ hồng riêng,,,,,,2.95
"Đường Hoàng Quốc Việt, Phường Cổ Nhuế 1, Quận Bắc Từ Liêm, Hà Nội",Quận Bắc Từ Liêm,Đã bàn giao,60.0,2.0,,5.0,1.0,"Tập thể, cư xá",,,,,,,3.15
"Đường Phạm Văn Đồng, Phường Cổ Nhuế 1, Quận Bắc Từ Liêm, Hà Nội",Quận Bắc Từ Liêm,Chưa bàn giao,110.0,3.0,,,2.0,"Tập thể, cư xá",Sổ hồng riêng,,,,,,4.5
"Phố Đỗ Nhuận, Phường Xuân Đỉnh, Quận Bắc Từ Liêm, Hà Nội",Quận Bắc Từ Liêm,Đã bàn giao,82.0,2.0,,,1.0,Chung cư,Sổ hồng riêng,,,,,,3.55
"Đường Xuân Phương, Phường Phương Canh, Quận Nam Từ Liêm, Hà Nội",Quận Nam Từ Liêm,Chưa bàn giao,45.0,11.0,,,,"Căn hộ dịch vụ, mini",Sổ hồng riêng,,,,,,9.15
"Vũ Trọng Phụng, Phường Thanh Xuân Trung, Quận Thanh Xuân, Hà Nội",Quận Thanh Xuân,Đã bàn giao,108.0,3.0,,,2.0,Chung cư,1,,,,,,6.15
"Phố Mạc Thái Tổ, Phường Yên Hoà, Quận Cầu Giấy, Hà Nội",Quận Cầu Giấy,Đã bàn giao,97.0,3.0,,,2.0,Chung cư,Hợp đồng mua bán,,,,,,5.75
"Đường Đại lộ Thăng Long, Xã An Khánh, Huyện Hoài Đức, Hà Nội",Huyện Hoài Đức,Đã bàn giao,88.0,3.0,,8.0,2.0,,,,,Tây,,,4.15
"Phố Chùa Láng, Phường Láng Thượng, Quận Đống Đa, Hà Nội",Quận Đống Đa,Chưa bàn giao,70.0,3.0,,,2.0,"Tập thể, cư xá",Sổ hồng riêng,,,,,,2.63
"Đường Nguyễn Trãi, Phường Thượng Đình, Quận Thanh Xuân, Hà Nội",Quận Thanh Xuân,Đã bàn giao,50.0,2.0,,,1.0,"Tập thể, cư xá",Sổ hồng riêng,,,,,,2.4
"Thái Thịnh , Phường Láng Thượng, Quận Đống Đa, Hà Nội",Quận Đống Đa,Chưa bàn giao,85.0,3.0,,,2.0,"Tập thể, cư xá",Sổ hồng riêng,,,,,,3.67
"Kim Liên, Phường Kim Liên, Quận Đống Đa, Hà Nội",Quận Đống Đa,Chưa bàn giao,70.0,3.0,,,2.0,"Tập thể, cư xá",Sổ hồng riêng,,,,,,3.63
"Phố Chùa Bộc, Phường Quang Trung, Quận Đống Đa, Hà Nội",Quận Đống Đa,Đã bàn giao,50.0,2.0,,,1.0,Chung cư,Sổ hồng riêng,,,,,,3.35
"Ngách 15 Ngõ Gốc Đề, Phường Minh Khai, Quận Hai Bà Trưng, Hà Nội",Quận Hai Bà Trưng,Đã bàn giao,60.0,11.0,,7.0,,"Căn hộ dịch vụ, mini",,,,,,,14.7
"Nguyễn Xiển, Phường Đại Kim, Quận Hoàng Mai, Hà Nội",Quận Hoàng Mai,Đã bàn giao,55.0,2.0,,,,Chung cư,Sổ hồng riêng,,,,Nam,,2.66
"Đường Đặng Xá 1, Xã Đặng Xá, Huyện Gia Lâm, Hà Nội",Huyện Gia Lâm,Đã bàn giao,58.0,2.0,,11.0,2.0,,,,,Đông Bắc,,,2.3
"Tân Triều, Xã Tân Triều, Huyện Thanh Trì, Hà Nội",Huyện Thanh Trì,Đã bàn giao,95.0,3.0,,,,Chung cư,Sổ hồng riêng,,Nội thất đầy đủ,,,,5.9
"Đường Bằng Liệt, Phường Hoàng Liệt, Quận Hoàng Mai, Hà Nội",Quận Hoàng Mai,Chưa bàn giao,86.0,2.0,,,2.0,,,,,Tây Bắc,Đông Nam,,5.0
"Nghiêm Xuân Yêm, Phường Đại Kim, Quận Hoàng Mai, Hà Nội",Quận Hoàng Mai,Đã bàn giao,54.0,2.0,,,2.0,Chung cư,Sổ hồng riêng,,,,,,2.885
"Phố Đại Từ, Phường Đại Kim, Quận Hoàng Mai, Hà Nội",Quận Hoàng Mai,Đã bàn giao,124.0,3.0,,,2.0,Chung cư,Sổ hồng riêng,,,,,,7.65
"Minh khai, Phường Minh Khai, Quận Hai Bà Trưng, Hà Nội",Quận Hai Bà Trưng,Đã bàn giao,86.0,2.0,,,2.0,Chung cư,,,,,Nam,,7.48
"Lò Đúc, Phường Đồng Nhân, Quận Hai Bà Trưng, Hà Nội",Quận Hai Bà Trưng,Chưa bàn giao,50.0,2.0,,3.0,,"Tập thể, cư xá",Sổ hồng riêng,,,,,,2.58
"Đường Trần Cung, Phường Cổ Nhuế 1, Quận Bắc Từ Liêm, Hà Nội",Quận Bắc Từ Liêm,Đã bàn giao,55.0,9.0,,,,"Căn hộ dịch vụ, mini",Sổ hồng riêng,,,,,Căn góc,8.6
"Đường Phú Mỹ, Phường Mỹ Đình 2, Quận Nam Từ Liêm, Hà Nội",Quận Nam Từ Liêm,Đã bàn giao,63.0,9.0,,,,"Căn hộ dịch vụ, mini",Sổ hồng riêng,,,,,Căn góc,10.6
"109 Nguyễn Tuân, Phường Nhân Chính, Quận Thanh Xuân, Hà Nội",Quận Thanh Xuân,Đã bàn giao,86.0,2.0,,,2.0,Chung cư,Sổ hồng riêng,,,,,,8.8
"431 Tam Trinh , Phường Hoàng Văn Thụ, Quận Hoàng Mai, Hà Nội",Quận Hoàng Mai,Đã bàn giao,65.0,2.0,,,2.0,Chung cư,Sổ hồng riêng,,,,,,3.39
"Đường Xuân Đỉnh, Phường Xuân Đỉnh, Quận Bắc Từ Liêm, Hà Nội",Quận Bắc Từ Liêm,Đã bàn giao,38.0,1.0,,,1.0,Chung cư,Sổ hồng riêng,,,,,,1.39
"Đường Mỹ Đình, Phường Mỹ Đình 1, Quận Nam Từ Liêm, Hà Nội",Quận Nam Từ Liêm,Đã bàn giao,128.0,3.0,,,,Chung cư,Sổ hồng riêng,,Nội thất đầy đủ,,,,6.2
"Phường Mễ Trì, Phường Mễ Trì, Quận Nam Từ Liêm, Hà Nội",Quận Nam Từ Liêm,Đã bàn giao,81.0,3.0,,,2.0,Chung cư,Sổ hồng riêng,,,,,,5.1
"Phố Nguyễn Cơ Thạch, Phường Mỹ Đình 1, Quận Nam Từ Liêm, Hà Nội",Quận Nam Từ Liêm,Đã bàn giao,80.0,3.0,,,,Chung cư,Sổ hồng riêng,,Nội thất đầy đủ,,,,4.8
"Tây Mỗ, Phường Tây Mỗ, Quận Nam Từ Liêm, Hà Nội",Quận Nam Từ Liêm,Đã bàn giao,93.0,3.0,ct3,15.0,2.0,,,,,,,,4.45
"Đại Mỗ, Phường Tây Mỗ, Quận Nam Từ Liêm, Hà Nội",Quận Nam Từ Liêm,Đã bàn giao,43.0,1.0,GS2,31.0,,,,,,Đông Nam,,,3.05
"Lò Đúc, Phường Đồng Nhân, Quận Hai Bà Trưng, Hà Nội",Quận Hai Bà Trưng,Chưa bàn giao,48.0,2.0,,,1.0,"Tập thể, cư xá",Sổ hồng riêng,,,,,,2.3
"Phố Hạ Đình, Phường Hạ Đình, Quận Thanh Xuân, Hà Nội",Quận Thanh Xuân,Chưa bàn giao,80.0,2.0,,,2.0,Chung cư,Sổ hồng riêng,,,,,,4.4
"Đường Hoàng Hoa Thám, Phường Ngọc Hà, Quận Ba Đình, Hà Nội",Quận Ba Đình,Đã bàn giao,58.0,9.0,,,,"Căn hộ dịch vụ, mini",Sổ hồng riêng,,,,,Căn góc,12.95
"Phố Văn Phú, Phường Phú La, Quận Hà Đông, Hà Nội",Quận Hà Đông,Đã bàn giao,69.0,2.0,,,,Chung cư,Sổ hồng riêng,,,,Đông Nam,,4.39
"Phan Trọng Tuệ, Phường Kiến Hưng, Quận Hà Đông, Hà Nội",Quận Hà Đông,Đã bàn giao,60.0,2.0,Ct6b,31.0,,,,,,Đông Nam,,,2.6
"Yên Viên, Thị trấn Trâu Quỳ, Huyện Gia Lâm, Hà Nội",Huyện Gia Lâm,Chưa bàn giao,30.0,1.0,,,1.0,Chung cư,Sổ hồng riêng,,,,,,1.55
"Đại Mỗ, Phường Tây Mỗ, Quận Nam Từ Liêm, Hà Nội",Quận Nam Từ Liêm,Đã bàn giao,55.0,2.0,S301,35.0,,,,,,Nam,,,3.599
"Đường Trần Cung, Phường Cổ Nhuế 1, Quận Bắc Từ Liêm, Hà Nội",Quận Bắc Từ Liêm,Đã bàn giao,53.0,9.0,,,,"Căn hộ dịch vụ, mini",Sổ hồng riêng,,,,,Căn góc,10.8
"Phố Nam Sơn, Phường Hoàng Liệt, Quận Hoàng Mai, Hà Nội",Quận Hoàng Mai,Đã bàn giao,66.0,3.0,,,2.0,,,,,Tây Bắc,Đông Nam,,3.79
"Phố Thành Thái, Phường Dịch Vọng, Quận Cầu Giấy, Hà Nội",Quận Cầu Giấy,Đã bàn giao,90.0,2.0,,,2.0,Chung cư,Sổ hồng riêng,,,,,,5.85
"Đường Nguyễn Khang, Phường Trung Hoà, Quận Cầu Giấy, Hà Nội",Quận Cầu Giấy,Đã bàn giao,64.0,11.0,,,,"Căn hộ dịch vụ, mini",Sổ hồng riêng,,,,,Căn góc,14.7
"Chung cư Tecco Diamond, Vũ Lăng, Xã Tứ Hiệp, Huyện Thanh Trì, Hà Nội",Huyện Thanh Trì,Đã bàn giao,71.0,2.0,A,,2.0,,,,,Đông Bắc,,,3.8
"Đại Mỗ, Phường Tây Mỗ, Quận Nam Từ Liêm, Hà Nội",Quận Nam Từ Liêm,Đã bàn giao,64.0,2.0,,,2.0,Chung cư,Sổ hồng riêng,,,,,,3.9
"Đại Mỗ, Phường Tây Mỗ, Quận Nam Từ Liêm, Hà Nội",Quận Nam Từ Liêm,Đã bàn giao,75.0,3.0,,,2.0,Chung cư,Sổ hồng riêng,,,,,,4.65
"Đại Mỗ, Phường Tây Mỗ, Quận Nam Từ Liêm, Hà Nội",Quận Nam Từ Liêm,Đã bàn giao,55.0,2.0,S303,8.0,,,,,,Đông Bắc,,,3.648
"Hồ Tùng Mậu, Phường Phú Diễn, Quận Bắc Từ Liêm, Hà Nội",Quận Bắc Từ Liêm,Đã bàn giao,140.0,4.0,A,25.0,,,,,,Bắc,,,7.95
"Đường Nguyễn Xiển, Phường Thanh Trì, Quận Hoàng Mai, Hà Nội",Quận Hoàng Mai,Đã bàn giao,94.0,3.0,,,2.0,,,,,Tây Nam,Đông Nam,,5.4
"tầng 18 Chung cư Bình Vượng Tower tọa lạc tại số 200 Quang Trung,, Phường Quang Trung, Quận Hà Đông, Hà Nội",Quận Hà Đông,Đã bàn giao,146.0,3.0,,,3.0,Chung cư,Sổ hồng riêng,,,,,,5.4
"Đường Xuân Thủy, Phường Dịch Vọng Hậu, Quận Cầu Giấy, Hà Nội",Quận Cầu Giấy,Đã bàn giao,109.0,3.0,,,2.0,Chung cư,Sổ hồng riêng,,,,,,6.2
"Võ Chí Công, Phường Phú Thượng, Quận Tây Hồ, Hà Nội",Quận Tây Hồ,Đã bàn giao,67.0,2.0,,,2.0,Chung cư,Sổ hồng riêng,,,,,,4.75
"Nguyễn Xiển, Phường Đại Kim, Quận Hoàng Mai, Hà Nội",Quận Hoàng Mai,Đã bàn giao,80.0,3.0,,,2.0,Chung cư,Sổ hồng riêng,,,,,,3.99
"Phố Nguyễn Đức Cảnh, Phường Hoàng Văn Thụ, Quận Hoàng Mai, Hà Nội",Quận Hoàng Mai,Chưa bàn giao,75.0,2.0,,,2.0,Chung cư,Sổ hồng riêng,,,,,,5.2
"250, Minh Khai, Phường Minh Khai, Quận Hai Bà Trưng, Hà Nội",Quận Hai Bà Trưng,Đã bàn giao,80.0,2.0,,6.0,2.0,Chung cư,,,,,,,5.3
"1, KĐT Văn Khê, Phường La Khê, Quận Hà Đông, Hà Nội",Quận Hà Đông,Đã bàn giao,166.0,3.0,CT5C,,2.0,Chung cư,,,,,,,8.3
"Yên Viên, Thị trấn Trâu Quỳ, Huyện Gia Lâm, Hà Nội",Huyện Gia Lâm,Đã bàn giao,47.0,1.0,,,1.0,Chung cư,Sổ hồng riêng,,,,,,2.18
"Toà 1A Vinaconex 7, 136 Hồ Tùng Mậu, Phường Phú Diễn, Quận Bắc Từ Liêm, Hà Nội",Quận Bắc Từ Liêm,Đã bàn giao,139.0,4.0,,,2.0,Chung cư,Sổ hồng riêng,,,,,,7.9
"4, Phố Chính Kinh, Phường Thanh Xuân Trung, Quận Thanh Xuân, Hà Nội",Quận Thanh Xuân,Đã bàn giao,100.0,3.0,,,2.0,Chung cư,Sổ hồng riêng,,,,,,6.0
"Đường Nguyễn Trãi, Phường Thượng Đình, Quận Thanh Xuân, Hà Nội",Quận Thanh Xuân,Chưa bàn giao,28.0,2.0,,,1.0,"Tập thể, cư xá",Hợp đồng mua bán,,,,,,1.1
"250, 250 Số 250 Minh Khai, Phường Minh Khai, Quận Hai Bà Trưng, Hà Nội, Phường Minh Khai, Quận Hai Bà Trưng, Hà Nội",Quận Hai Bà Trưng,Chưa bàn giao,75.0,2.0,,,2.0,Chung cư,Sổ hồng riêng,,,,,,4.19
"Phố Trần Quý Kiên, Phường Dịch Vọng, Quận Cầu Giấy, Hà Nội",Quận Cầu Giấy,Đã bàn giao,0.0,2.0,,,,Chung cư,Sổ hồng riêng,,Hoàn thiện cơ bản,,,,0.0049900000000000005
"Linh Đường, Phường Hoàng Liệt, Quận Hoàng Mai, Hà Nội",Quận Hoàng Mai,Đã bàn giao,70.0,2.0,,15.0,2.0,,,,,Đông Nam,,,2.59
"30, Phạm Văn Đồng, Phường Dịch Vọng Hậu, Quận Cầu Giấy, Hà Nội",Quận Cầu Giấy,Đã bàn giao,63.0,2.0,,,2.0,Chung cư,Sổ hồng riêng,,,,,,4.7
"Đường Phùng Khoang, Phường Trung Văn, Quận Nam Từ Liêm, Hà Nội",Quận Nam Từ Liêm,Đã bàn giao,88.0,2.0,,,2.0,Chung cư,Sổ hồng riêng,,,,,,4.15
"Đường Lê Đức Thọ, Phường Mỹ Đình 2, Quận Nam Từ Liêm, Hà Nội",Quận Nam Từ Liêm,Chưa bàn giao,86.0,2.0,,,2.0,Chung cư,Sổ hồng riêng,,,,,,5.5
"Phố Lê Gia Đỉnh, Phường Đồng Nhân, Quận Hai Bà Trưng, Hà Nội",Quận Hai Bà Trưng,Chưa bàn giao,65.0,2.0,,3.0,,"Tập thể, cư xá",Sổ hồng riêng,,,,,,2.68
"Phố Minh Khai, Phường Vĩnh Tuy, Quận Hai Bà Trưng, Hà Nội",Quận Hai Bà Trưng,Chưa bàn giao,82.0,2.0,,,2.0,Chung cư,Sổ hồng riêng,,,,,,8.1
"Phố 8 Tháng 3, Phường Quỳnh Mai, Quận Hai Bà Trưng, Hà Nội",Quận Hai Bà Trưng,Chưa bàn giao,45.0,2.0,,1.0,,"Tập thể, cư xá",Sổ hồng riêng,,,,,,2.65
"Đường Giải Phóng, Phường Giáp Bát, Quận Hoàng Mai, Hà Nội",Quận Hoàng Mai,Chưa bàn giao,45.0,1.0,,,1.0,Chung cư,Hợp đồng mua bán,,,,,,1.55
"N2F, Đường Lê Văn Lương, Phường Trung Hoà, Quận Cầu Giấy, Hà Nội",Quận Cầu Giấy,Đã bàn giao,55.0,2.0,,,1.0,,,,,Đông Nam,Đông Nam,,3.78
"33, Phố Mạc Thái Tổ, Phường Yên Hoà, Quận Cầu Giấy, Hà Nội",Quận Cầu Giấy,Đã bàn giao,102.0,3.0,,17.0,2.0,Chung cư,,,,,,,5.75
"Trần Đăng Ninh , Phường Dịch Vọng, Quận Cầu Giấy, Hà Nội",Quận Cầu Giấy,Đã bàn giao,70.0,2.0,,,2.0,,,,,Tây Bắc,Đông Nam,,3.65
"Ngõ 885 Tam Trinh, Phường Yên Sở, Quận Hoàng Mai, Hà Nội",Quận Hoàng Mai,Đã bàn giao,82.0,2.0,,,2.0,Chung cư,Sổ hồng riêng,,,,,,4.5
"Phường Tây Mỗ, Quận Nam Từ Liêm, Hà Nội, Phường Tây Mỗ, Quận Nam Từ Liêm, Hà Nội",Quận Nam Từ Liêm,Chưa bàn giao,43.0,1.0,,,1.0,Chung cư,,,,,Đông Nam,,2.77
"Đường Phan Trọng Tuệ, Xã Thanh Liệt, Huyện Thanh Trì, Hà Nội",Huyện Thanh Trì,Đã bàn giao,68.0,2.0,,,,Chung cư,Sổ hồng riêng,,,,,,2.65
"Yên Viên, Thị trấn Trâu Quỳ, Huyện Gia Lâm, Hà Nội",Huyện Gia Lâm,Đã bàn giao,80.0,3.0,,,2.0,Chung cư,Sổ hồng riêng,,,,,,3.5
"Yên Viên, Thị trấn Trâu Quỳ, Huyện Gia Lâm, Hà Nội",Huyện Gia Lâm,Đã bàn giao,60.0,2.0,,,1.0,Chung cư,Sổ hồng riêng,,,,,,2.57
"5, Đường Trâu Quỳ, Thị trấn Trâu Quỳ, Huyện Gia Lâm, Hà Nội",Huyện Gia Lâm,Đã bàn giao,70.0,2.0,,,2.0,Chung cư,Sổ hồng riêng,,,,,,3.1
"187, Tây Sơn, Phường Quang Trung, Quận Đống Đa, Hà Nội",Quận Đống Đa,Đã bàn giao,65.0,2.0,17,7.0,,,,,,Tây Bắc,,,5.05
"Phố Tố Hữu, Phường Nhân Chính, Quận Thanh Xuân, Hà Nội",Quận Thanh Xuân,Đã bàn giao,133.0,3.0,,,3.0,Chung cư,Sổ hồng riêng,,,,,,5.3
"Đường Lê Quang Đạo, Phường Mễ Trì, Quận Nam Từ Liêm, Hà Nội",Quận Nam Từ Liêm,Chưa bàn giao,88.0,2.0,,,2.0,Chung cư,Sổ hồng riêng,,,,,,9.1
"Số 440, Số 440 Đường Vĩnh Hưng, Phường Vĩnh Hưng, Quận Hoàng Mai, Hà Nội",Quận Hoàng Mai,Đã bàn giao,91.0,2.0,,,2.0,,,,,Đông Bắc,Tây Nam,,5.49
"Yên Viên, Thị trấn Trâu Quỳ, Huyện Gia Lâm, Hà Nội",Huyện Gia Lâm,Đã bàn giao,47.0,1.0,,,1.0,Chung cư,Sổ hồng riêng,,,,,,2.18
"Phố Thái Thịnh, Phường Ngã Tư Sở, Quận Đống Đa, Hà Nội",Quận Đống Đa,Chưa bàn giao,25.0,2.0,,,1.0,"Tập thể, cư xá",Sổ hồng riêng,,,,,,2.98
"Đường Trần Cung, Phường Cổ Nhuế 1, Quận Bắc Từ Liêm, Hà Nội",Quận Bắc Từ Liêm,Đã bàn giao,45.0,9.0,,,,"Căn hộ dịch vụ, mini",Đang chờ sổ,,,,,,8.3
"Phường Tây Mỗ, Quận Nam Từ Liêm, Hà Nội, Phường Tây Mỗ, Quận Nam Từ Liêm, Hà Nội",Quận Nam Từ Liêm,Đã bàn giao,25.0,1.0,,,,Chung cư,Sổ hồng riêng,,,,,,1.91
"Đường Giải Phóng, Phường Giáp Bát, Quận Hoàng Mai, Hà Nội",Quận Hoàng Mai,Đã bàn giao,55.0,2.0,,,1.0,,,,,Đông Nam,Đông Nam,,0.9
"Phố Thái Hà, Phường Trung Liệt, Quận Đống Đa, Hà Nội",Quận Đống Đa,Đã bàn giao,55.0,2.0,,,2.0,,,,,Đông Nam,Đông Nam,,0.9
"Phố Bạch Mai, Phường Bạch Mai, Quận Hai Bà Trưng, Hà Nội",Quận Hai Bà Trưng,Đã bàn giao,55.0,2.0,,,2.0,,,,,Tây Nam,Đông Nam,,0.9
"Phố Linh Đường, Phường Hoàng Liệt, Quận Hoàng Mai, Hà Nội",Quận Hoàng Mai,Chưa bàn giao,70.0,2.0,,,,Chung cư,Sổ hồng riêng,,,,,,3.6
"Đường Nguyễn Trãi, Phường Thượng Đình, Quận Thanh Xuân, Hà Nội",Quận Thanh Xuân,Đã bàn giao,55.0,2.0,,,2.0,,,,,Đông Nam,Đông Nam,,0.9
"Yên Viên, Thị trấn Trâu Quỳ, Huyện Gia Lâm, Hà Nội",Huyện Gia Lâm,Đã bàn giao,60.0,2.0,,,1.0,Chung cư,Sổ hồng riêng,,,,,,2.65
"Yên Viên, Thị trấn Trâu Quỳ, Huyện Gia Lâm, Hà Nội",Huyện Gia Lâm,Đã bàn giao,31.0,1.0,,,1.0,Chung cư,1,,,,,,1.58
"Yên Viên, Thị trấn Trâu Quỳ, Huyện Gia Lâm, Hà Nội",Huyện Gia Lâm,Đã bàn giao,80.0,3.0,,,2.0,Chung cư,Sổ hồng riêng,,,,,,3.5
"Yên Viên, Thị trấn Trâu Quỳ, Huyện Gia Lâm, Hà Nội",Huyện Gia Lâm,Đã bàn giao,70.0,2.0,,,2.0,Chung cư,1,,,,,,3.0
"Yên Viên, Thị trấn Trâu Quỳ, Huyện Gia Lâm, Hà Nội",Huyện Gia Lâm,Đã bàn giao,47.0,1.0,,,1.0,Chung cư,Sổ hồng riêng,,,,,,2.2
"Đường Phùng Hưng, Phường Phúc La, Quận Hà Đông, Hà Nội",Quận Hà Đông,Đã bàn giao,83.0,3.0,CT6A,11.0,2.0,,,,,,,,3.68
"Phố Hoàng Ngân, Phường Nhân Chính, Quận Thanh Xuân, Hà Nội",Quận Thanh Xuân,Đã bàn giao,40.0,1.0,,,1.0,,,,,Bắc,Nam,,1.5
"Phố Thįnh Liệt, Phường Thịnh Liệt, Quận Hoàng Mai, Hà Nội",Quận Hoàng Mai,Đã bàn giao,70.0,3.0,,,2.0,Chung cư,Sổ hồng riêng,,,,,,3.33
"Đường Nghiêm Xuân Yêm, Phường Đại Kim, Quận Hoàng Mai, Hà Nội",Quận Hoàng Mai,Đã bàn giao,45.0,1.0,,,,Chung cư,Sổ hồng riêng,,,Đông,,,2.3
"Đường Lê Đức Thọ, Phường Mai Dịch, Quận Cầu Giấy, Hà Nội",Quận Cầu Giấy,Đã bàn giao,56.0,1.0,,,1.0,Chung cư,Sổ hồng riêng,,,,,,3.6
"Lô A10-A14, Yên Hòa, Phường Yên Hoà, Quận Cầu Giấy, Hà Nội",Quận Cầu Giấy,Đã bàn giao,44.0,1.0,,,1.0,Chung cư,Sổ hồng riêng,,,,,,3.0
"Trần Phú, Phường Văn Quán, Quận Hà Đông, Hà Nội",Quận Hà Đông,Đã bàn giao,66.0,2.0,,,2.0,Chung cư,Sổ hồng riêng,,,,,,3.05
"GH3 - CT17 - KĐT Việt Hưng, Đường Nguyễn Cao Luyện, Phường Việt Hưng, Quận Long Biên, Hà Nội",Quận Long Biên,Đã bàn giao,74.0,2.0,GH3,4.0,,,,,,Đông Nam,,,3.4
"Phố Nguyên Hồng, Phường Thành Công, Quận Ba Đình, Hà Nội",Quận Ba Đình,Đã bàn giao,70.0,2.0,5,4.0,1.0,,,,,,,,3.5
"102, Đường Nguyễn Trãi, Phường Khương Trung, Quận Thanh Xuân, Hà Nội",Quận Thanh Xuân,Đã bàn giao,109.0,3.0,,15.0,2.0,,,,,Đông Nam,,,8.5
"Lê Trọng Tấn, Phường Quang Trung, Quận Hà Đông, Hà Nội",Quận Hà Đông,Đã bàn giao,68.0,2.0,,,2.0,Chung cư,Sổ hồng riêng,,,,,,3.98
"5, Phường Thượng Thanh, Quận Long Biên, Hà Nội",Quận Long Biên,Đã bàn giao,62.0,2.0,,,2.0,Chung cư,Sổ hồng riêng,,,,,,3.65
"Đường Mỹ Đình, Phường Mỹ Đình 1, Quận Nam Từ Liêm, Hà Nội",Quận Nam Từ Liêm,Đã bàn giao,35.0,1.0,08,6.0,1.0,,,,,,,,1.29
"Phố Lò Đúc, Phường Đống Mác, Quận Hai Bà Trưng, Hà Nội",Quận Hai Bà Trưng,Đã bàn giao,50.0,2.0,,,,"Tập thể, cư xá",Sổ hồng riêng,,Nội thất cao cấp,,,,2.38
"Phố Nguyễn Phan Chánh, Phường Hoàng Liệt, Quận Hoàng Mai, Hà Nội",Quận Hoàng Mai,Đã bàn giao,70.0,3.0,,,2.0,Chung cư,Hợp đồng mua bán,,,,,,2.4
"Yên Viên, Thị trấn Trâu Quỳ, Huyện Gia Lâm, Hà Nội",Huyện Gia Lâm,Chưa bàn giao,59.0,2.0,,,1.0,Chung cư,Sổ hồng riêng,,,,,,2.65
"Phố Nguyễn Phan Chánh, Phường Hoàng Liệt, Quận Hoàng Mai, Hà Nội",Quận Hoàng Mai,Đã bàn giao,48.0,2.0,,,,Chung cư,Hợp đồng mua bán,,,,,,1.55
"Ngõ 328 Tập thể F8, Đường Nguyễn Trãi, Phường Thanh Xuân Trung, Quận Thanh Xuân, Hà Nội",Quận Thanh Xuân,Đã bàn giao,36.0,2.0,,,1.0,"Tập thể, cư xá",Sổ hồng riêng,,,,,,2.9
"Phố Hàm Nghi, Phường Mỹ Đình 2, Quận Nam Từ Liêm, Hà Nội",Quận Nam Từ Liêm,Chưa bàn giao,106.0,3.0,,,2.0,Chung cư,Sổ hồng riêng,,,,,,6.1
"B6, Phố Nghĩa Tân, Phường Nghĩa Tân, Quận Cầu Giấy, Hà Nội",Quận Cầu Giấy,Đã bàn giao,55.0,1.0,b,2.0,,,,,,Đông Bắc,,,3.6
"TT Điện lực ngõ 36, Phố Lương Định Của, Phường Phương Mai, Quận Đống Đa, Hà Nội",Quận Đống Đa,Đã bàn giao,35.0,2.0,,,1.0,"Tập thể, cư xá",Sổ hồng riêng,,,,,,2.9
"Phố Lò Đúc, Phường Đống Mác, Quận Hai Bà Trưng, Hà Nội",Quận Hai Bà Trưng,Đã bàn giao,50.0,2.0,,,,"Tập thể, cư xá",Sổ hồng riêng,,Nội thất cao cấp,,,,2.38
"Tập thể nhà A8, Phường Nam Đồng, Quận Đống Đa, Hà Nội",Quận Đống Đa,Chưa bàn giao,75.0,4.0,,2.0,1.0,,,,,Tây,,,5.25
"1511, Đường Phạm Văn Đồng, Phường Cổ Nhuế 1, Quận Bắc Từ Liêm, Hà Nội",Quận Bắc Từ Liêm,Chưa bàn giao,70.0,2.0,CT1,15.0,,,,,,Bắc,,,4.8
"Đường Đa Tốn, Xã Đa Tốn, Huyện Gia Lâm, Hà Nội",Huyện Gia Lâm,Chưa bàn giao,64.0,2.0,,,2.0,Chung cư,Sổ hồng riêng,,,,,,3.2
"Đường Phú Mỹ, Phường Mỹ Đình 2, Quận Nam Từ Liêm, Hà Nội",Quận Nam Từ Liêm,Đã bàn giao,52.0,9.0,,,,"Căn hộ dịch vụ, mini",Sổ hồng riêng,,,,,,7.55
"Ngõ 87 Đường Yên Xá, Xã Tân Triều, Huyện Thanh Trì, Hà Nội",Huyện Thanh Trì,Chưa bàn giao,38.0,11.0,,,,"Căn hộ dịch vụ, mini",Sổ hồng riêng,,,,,,8.2
"8/3, Phường Đồng Nhân, Quận Hai Bà Trưng, Hà Nội",Quận Hai Bà Trưng,Chưa bàn giao,55.0,2.0,,,1.0,"Tập thể, cư xá",Sổ hồng riêng,,,,,,2.4
"Đường Trần Cung, Phường Cổ Nhuế 1, Quận Bắc Từ Liêm, Hà Nội",Quận Bắc Từ Liêm,Đã bàn giao,45.0,9.0,,,,"Căn hộ dịch vụ, mini",Sổ hồng riêng,,,,,,10.8
"Phố Thành Công, Phường Thành Công, Quận Ba Đình, Hà Nội",Quận Ba Đình,Chưa bàn giao,50.0,2.0,,,1.0,"Tập thể, cư xá",Sổ hồng riêng,,,,,,3.15
"Phố Ba La, Phường Phú Lương, Quận Hà Đông, Hà Nội",Quận Hà Đông,Chưa bàn giao,51.0,11.0,,,,"Căn hộ dịch vụ, mini",Sổ hồng riêng,,,,,,15.88
"Ngụy Như Kon Tum, Phường Nhân Chính, Quận Thanh Xuân, Hà Nội",Quận Thanh Xuân,Đã bàn giao,150.0,3.0,,,3.0,Chung cư,Sổ hồng riêng,,,,,,9.18
"Đại Mỗ, Phường Tây Mỗ, Quận Nam Từ Liêm, Hà Nội",Quận Nam Từ Liêm,Chưa bàn giao,43.0,1.0,,,1.0,Chung cư,Hợp đồng mua bán,,,,,,2.95
"610, Phố Trần Thủ Độ, Phường Hoàng Liệt, Quận Hoàng Mai, Hà Nội",Quận Hoàng Mai,Đã bàn giao,83.0,3.0,Hoàng Mai,6.0,2.0,,,,,,,,3.85
"Đại Mỗ, Phường Tây Mỗ, Quận Nam Từ Liêm, Hà Nội",Quận Nam Từ Liêm,Đã bàn giao,63.0,2.0,,,2.0,Chung cư,Hợp đồng mua bán,,,,,,4.1
"Đại Mỗ, Phường Tây Mỗ, Quận Nam Từ Liêm, Hà Nội",Quận Nam Từ Liêm,Đã bàn giao,43.0,1.0,,,1.0,Chung cư,Sổ hồng riêng,,,,,,3.18
"Đại Mỗ, Phường Tây Mỗ, Quận Nam Từ Liêm, Hà Nội",Quận Nam Từ Liêm,Đã bàn giao,43.0,1.0,,,1.0,Chung cư,Đang chờ sổ,,,,,,3.2
"Ngõ 6 Vĩnh Phúc, Phường Vĩnh Phúc, Quận Ba Đình, Hà Nội",Quận Ba Đình,Đã bàn giao,100.0,3.0,,,2.0,"Tập thể, cư xá",Sổ hồng riêng,,,,,,5.5
"Ngọc Hồi, Phường Hoàng Văn Thụ, Quận Hoàng Mai, Hà Nội",Quận Hoàng Mai,Chưa bàn giao,70.0,3.0,,,1.0,"Tập thể, cư xá",Sổ hồng riêng,,,,,,2.5
"Phố Nam Đồng, Phường Nam Đồng, Quận Đống Đa, Hà Nội",Quận Đống Đa,Chưa bàn giao,55.0,2.0,,,1.0,"Tập thể, cư xá",Sổ hồng riêng,,,,,,2.56
"Đường Mỹ Đình, Phường Mỹ Đình 1, Quận Nam Từ Liêm, Hà Nội",Quận Nam Từ Liêm,Đã bàn giao,91.0,3.0,,,2.0,Chung cư,Sổ hồng riêng,,,,,,4.75
"Phúc Lợi, Phường Giang Biên, Quận Long Biên, Hà Nội",Quận Long Biên,Đã bàn giao,60.0,3.0,B1,12.0,,,,,,Nam,,,2.6
"Tô Hiệu, Phường Hà Cầu, Quận Hà Đông, Hà Nội",Quận Hà Đông,Chưa bàn giao,83.0,3.0,,8.0,2.0,,,,,Đông,,,5.2
"Xa La, Phường Biên Giang, Quận Hà Đông, Hà Nội",Quận Hà Đông,Đã bàn giao,70.0,3.0,,,3.0,Chung cư,1,,,,,,3.5
"Phố Xa La, Phường Phúc La, Quận Hà Đông, Hà Nội",Quận Hà Đông,Đã bàn giao,70.0,3.0,CT 4C,24.0,,Chung cư,,,,,,,3.5
"282, Đường Lĩnh Nam, Phường Lĩnh Nam, Quận Hoàng Mai, Hà Nội",Quận Hoàng Mai,Chưa bàn giao,76.0,3.0,,,,Chung cư,Sổ hồng riêng,,,,,,3.43
"Ngõ Thổ Quan, Phường Thổ Quan, Quận Đống Đa, Hà Nội",Quận Đống Đa,Đã bàn giao,55.0,2.0,,,1.0,"Tập thể, cư xá",Sổ hồng riêng,,,,,,2.7
"Linh Đường, Phường Hoàng Liệt, Quận Hoàng Mai, Hà Nội",Quận Hoàng Mai,Đã bàn giao,66.0,2.0,,26.0,,Chung cư,Hợp đồng mua bán,,,,,,2.56
"00, An Dương Vương, Phường Phú Thượng, Quận Tây Hồ, Hà Nội",Quận Tây Hồ,Chưa bàn giao,100.0,3.0,,17.0,2.0,Chung cư,,,,,,,5.6
"Phố Bùi Thiện Ngộ, Phường Giang Biên, Quận Long Biên, Hà Nội",Quận Long Biên,Chưa bàn giao,74.0,2.0,,,,Chung cư,Sổ hồng riêng,,,,,,3.5
"Đại Mỗ, Phường Tây Mỗ, Quận Nam Từ Liêm, Hà Nội",Quận Nam Từ Liêm,Đã bàn giao,48.0,1.0,,,,Chung cư,Đang chờ sổ,,,,Đông Bắc,,3.72
"Hưng Chính, Xã Đông Hội, Huyện Đông Anh, Hà Nội",Huyện Đông Anh,Chưa bàn giao,46.0,1.0,,,,Chung cư,Hợp đồng mua bán,,,,,,5.4
"151, Nguyễn Đức Cảnh, Phường Tương Mai, Quận Hoàng Mai, Hà Nội",Quận Hoàng Mai,Chưa bàn giao,90.0,3.0,,,2.0,Chung cư,Sổ hồng riêng,,,,,,4.75
"Đại Mỗ, Phường Tây Mỗ, Quận Nam Từ Liêm, Hà Nội",Quận Nam Từ Liêm,Đã bàn giao,64.0,2.0,,,2.0,Chung cư,Sổ hồng riêng,,,,,,3.95
"Phố Mạc Thái Tổ, Phường Yên Hoà, Quận Cầu Giấy, Hà Nội",Quận Cầu Giấy,Đã bàn giao,102.0,3.0,,,2.0,Chung cư,Sổ hồng riêng,,,,,,5.75
"Đường Trần Khát Chân, Phường Thanh Nhàn, Quận Hai Bà Trưng, Hà Nội",Quận Hai Bà Trưng,Đã bàn giao,17.0,2.0,,,2.0,"Tập thể, cư xá",Hợp đồng mua bán,,,,,,1.69
"Ngõ 48, Hoàng Liệt, Phường Hoàng Liệt, Quận Hoàng Mai, Hà Nội",Quận Hoàng Mai,Đã bàn giao,76.0,3.0,,20.0,2.0,Chung cư,,,,,,,3.9
"AN DƯƠNG, Phường Phúc Xá, Quận Ba Đình, Hà Nội",Quận Ba Đình,Đã bàn giao,70.0,2.0,,2.0,2.0,"Tập thể, cư xá",,,,,,,2.87
"Cầu Bắc Linh Đàm, Phường Hoàng Liệt, Quận Hoàng Mai, Hà Nội",Quận Hoàng Mai,Chưa bàn giao,46.0,2.0,,,1.0,Chung cư,Hợp đồng mua bán,,,,,,1.88
"Phố Nguyễn Khuyến, Phường Văn Quán, Quận Hà Đông, Hà Nội",Quận Hà Đông,Đã bàn giao,76.0,2.0,,,,Chung cư,Sổ hồng riêng,,,,,,4.35
"250, Minh Khai, Phường Minh Khai, Quận Hai Bà Trưng, Hà Nội",Quận Hai Bà Trưng,Đã bàn giao,80.0,2.0,,6.0,2.0,,,,,,Đông Nam,,5.3
"10, Đường Phú Mỹ, Phường Mỹ Đình 2, Quận Nam Từ Liêm, Hà Nội",Quận Nam Từ Liêm,Chưa bàn giao,53.0,9.0,,,,"Căn hộ dịch vụ, mini",Sổ hồng riêng,,,,,,10.5
"Tầng 15, Phố Nguyễn Phan Chánh, Phường Hoàng Liệt, Quận Hoàng Mai, Hà Nội",Quận Hoàng Mai,Chưa bàn giao,66.0,2.0,,15.0,2.0,,,,,,Đông Nam,,2.6
"Phố Trần Hữu Dực, Phường Mỹ Đình 2, Quận Nam Từ Liêm, Hà Nội",Quận Nam Từ Liêm,Đã bàn giao,92.0,3.0,,,2.0,Chung cư,Sổ hồng riêng,,,,,,4.95
"Trần Văn Lai, Phường Mễ Trì, Quận Nam Từ Liêm, Hà Nội",Quận Nam Từ Liêm,Đã bàn giao,126.0,3.0,,,2.0,Chung cư,Sổ hồng riêng,,,,,,7.85
"Nhân Mỹ, Phường Mỹ Đình 1, Quận Nam Từ Liêm, Hà Nội",Quận Nam Từ Liêm,Đã bàn giao,104.0,3.0,,,2.0,Chung cư,Sổ hồng riêng,,,,,,5.25
"378, Minh Khai, Phường Vĩnh Tuy, Quận Hai Bà Trưng, Hà Nội",Quận Hai Bà Trưng,Đã bàn giao,134.0,3.0,,10.0,2.0,Chung cư,,,,,,,13.5
"Linh Đường, Phường Hoàng Liệt, Quận Hoàng Mai, Hà Nội",Quận Hoàng Mai,Chưa bàn giao,60.0,2.0,,,2.0,Chung cư,Đang chờ sổ,,,,,,2.4
"Phố Linh Đường, Phường Hoàng Liệt, Quận Hoàng Mai, Hà Nội",Quận Hoàng Mai,Chưa bàn giao,40.0,1.0,,,1.0,Chung cư,Sổ hồng riêng,,,,,,2.3
"Phố Linh Đường, Phường Hoàng Liệt, Quận Hoàng Mai, Hà Nội",Quận Hoàng Mai,Chưa bàn giao,56.0,2.0,,,,Chung cư,Hợp đồng mua bán,,,,,,2.28
"Phố Định Công, Phường Định Công, Quận Hoàng Mai, Hà Nội",Quận Hoàng Mai,Đã bàn giao,52.0,7.0,,,,"Căn hộ dịch vụ, mini",Sổ hồng riêng,,,,,,7.6
"Phố Trịnh Đình Cửu, Phường Định Công, Quận Hoàng Mai, Hà Nội",Quận Hoàng Mai,Chưa bàn giao,100.0,3.0,,,2.0,Chung cư,Sổ hồng riêng,,,,,,5.35
"Phố Nguyễn Công Trứ, Phường Đồng Nhân, Quận Hai Bà Trưng, Hà Nội",Quận Hai Bà Trưng,Đã bàn giao,120.0,4.0,,,2.0,"Tập thể, cư xá",Sổ hồng riêng,,,,,,3.68
"khu đô thị Thanh Hà, Xã Cự Khê, Huyện Thanh Oai, Hà Nội",Huyện Thanh Oai,Đã bàn giao,74.0,3.0,,,2.0,Chung cư,Hợp đồng mua bán,,,,,,2.19
"Nhân Mỹ, Phường Mỹ Đình 1, Quận Nam Từ Liêm, Hà Nội",Quận Nam Từ Liêm,Đã bàn giao,86.0,3.0,,,2.0,,,,,Bắc,Nam,,4.98
"Số 283, Khương Trung, Phường Khương Trung, Quận Thanh Xuân, Hà Nội",Quận Thanh Xuân,Đã bàn giao,90.0,3.0,,,,Chung cư,Sổ hồng riêng,,Nội thất đầy đủ,,,,5.3
"Đường Tam Trinh, Phường Mai Động, Quận Hoàng Mai, Hà Nội",Quận Hoàng Mai,Đã bàn giao,64.0,2.0,,,2.0,Chung cư,Sổ hồng riêng,,,,,,3.4
"Phố Kim Đồng, Phường Giáp Bát, Quận Hoàng Mai, Hà Nội",Quận Hoàng Mai,Đã bàn giao,80.0,3.0,,,2.0,"Tập thể, cư xá",Sổ hồng riêng,,,,,,3.6
"Đường Nguyễn Khánh Toàn, Phường Quan Hoa, Quận Cầu Giấy, Hà Nội",Quận Cầu Giấy,Đã bàn giao,48.0,2.0,,,1.0,Chung cư,Hợp đồng mua bán,,,,,,1.79
"Đường Nguyễn Trãi, Phường Khương Trung, Quận Thanh Xuân, Hà Nội",Quận Thanh Xuân,Đã bàn giao,30.0,1.0,,,1.0,"Tập thể, cư xá",Hợp đồng mua bán,,,,,,1.1
"S109, Đường Hải Đăng, Xã Đa Tốn, Huyện Gia Lâm, Hà Nội",Huyện Gia Lâm,Đã bàn giao,43.0,1.0,S109,5.0,,,,,,Đông Nam,,,2.38
"Phố Quan Nhân, Phường Nhân Chính, Quận Thanh Xuân, Hà Nội",Quận Thanh Xuân,Đã bàn giao,52.0,2.0,8,2.0,1.0,,,,,,,,1.92
"Đường Nguyễn Trãi, Phường Thượng Đình, Quận Thanh Xuân, Hà Nội",Quận Thanh Xuân,Đã bàn giao,52.0,2.0,11,9.0,1.0,,,,,,,,1.96
"Đường Thái Hà, Phường Trung Liệt, Quận Đống Đa, Hà Nội",Quận Đống Đa,Đã bàn giao,55.0,2.0,8,2.0,1.0,,,,,,,,1.92
"Trần Phú, Phường Văn Quán, Quận Hà Đông, Hà Nội",Quận Hà Đông,Đã bàn giao,68.0,2.0,,,2.0,,,,,Đông Nam,Tây Bắc,,3.3
"Bùi Chang Chước, Phường Nhật Tân, Quận Tây Hồ, Hà Nội",Quận Tây Hồ,Chưa bàn giao,80.0,2.0,,,2.0,Chung cư,Sổ hồng riêng,,,,,,4.35
"Lạc Long Quân, Phường Phú Thượng, Quận Tây Hồ, Hà Nội",Quận Tây Hồ,Đã bàn giao,120.0,3.0,,,2.0,Chung cư,Sổ hồng riêng,,,,,,8.3
"Lạc Long Quân, Phường Phú Thượng, Quận Tây Hồ, Hà Nội",Quận Tây Hồ,Đã bàn giao,70.0,2.0,,8.0,2.0,Chung cư,,,,,,,4.75
"Đường Phạm Văn Đồng, Phường Cổ Nhuế 1, Quận Bắc Từ Liêm, Hà Nội",Quận Bắc Từ Liêm,Đã bàn giao,70.0,2.0,,,2.0,Chung cư,Sổ hồng riêng,,,,,,3.9
"Đường Láng, Phường Láng Thượng, Quận Đống Đa, Hà Nội",Quận Đống Đa,Đã bàn giao,34.0,1.0,,,1.0,"Tập thể, cư xá",Sổ hồng riêng,,,,,,1.8
"Đường Trần Phú, Phường Mộ Lao, Quận Hà Đông, Hà Nội",Quận Hà Đông,Đã bàn giao,89.0,2.0,,,2.0,,,,,Tây Nam,Đông Nam,,4.35
"Xã Tân Triều, Xã Tả Thanh Oai, Huyện Thanh Trì, Hà Nội, Xã Tân Triều, Huyện Thanh Trì, Hà Nội",Huyện Thanh Trì,Chưa bàn giao,86.0,2.0,,,2.0,,,,,Tây,Đông,,3.55
"151A, Đường Nguyễn Đức Cảnh, Phường Tân Mai, Quận Hoàng Mai, Hà Nội",Quận Hoàng Mai,Đã bàn giao,88.0,2.0,A1,,2.0,Chung cư,,,,,,,4.65
"Võ Chí Công, Phường Phú Thượng, Quận Tây Hồ, Hà Nội",Quận Tây Hồ,Đã bàn giao,68.0,2.0,,,,Chung cư,Sổ hồng riêng,,,,,,4.75
"Đường Láng, Phường Láng Hạ, Quận Đống Đa, Hà Nội",Quận Đống Đa,Chưa bàn giao,90.0,3.0,,,,Chung cư,Hợp đồng mua bán,,,,,,12.15
"Phố Núi Trúc, Phường Giảng Võ, Quận Ba Đình, Hà Nội",Quận Ba Đình,Chưa bàn giao,50.0,2.0,,5.0,1.0,"Tập thể, cư xá",,,,,,,2.47
"Đường Phạm Văn Đồng, Phường Dịch Vọng Hậu, Quận Cầu Giấy, Hà Nội",Quận Cầu Giấy,Đã bàn giao,65.0,2.0,,,2.0,Chung cư,Sổ hồng riêng,,,,,,4.4
"Phố Khương Trung, Phường Khương Đình, Quận Thanh Xuân, Hà Nội",Quận Thanh Xuân,Đã bàn giao,55.0,2.0,,,1.0,Chung cư,Hợp đồng mua bán,,,,,,1.89
"Yên Viên, Thị trấn Trâu Quỳ, Huyện Gia Lâm, Hà Nội",Huyện Gia Lâm,Đã bàn giao,54.0,2.0,s2,15.0,,,,,,Tây Bắc,,,2.6
"Phường Tây Mỗ, Quận Nam Từ Liêm, Hà Nội, Phường Tây Mỗ, Quận Nam Từ Liêm, Hà Nội",Quận Nam Từ Liêm,Chưa bàn giao,55.0,2.0,,,1.0,Chung cư,,,,,Đông Nam,,3.55
"21, Lê Đức Thọ, Phường Mỹ Đình 2, Quận Nam Từ Liêm, Hà Nội",Quận Nam Từ Liêm,Đã bàn giao,100.0,3.0,A,34.0,,,,,,Tây Bắc,,,5.3
"Đường Nguyễn Trãi, Phường Thượng Đình, Quận Thanh Xuân, Hà Nội",Quận Thanh Xuân,Chưa bàn giao,70.0,3.0,,,2.0,"Tập thể, cư xá",Sổ hồng riêng,,,,,,3.28
"Chung cư Sông Nhuệ, Cầu Bươu, Phường Kiến Hưng, Quận Hà Đông, Hà Nội",Quận Hà Đông,Đã bàn giao,50.0,2.0,B,,,Chung cư,Sổ hồng riêng,,,,,,2.7
"Đường Cầu Giấy, Phường Quan Hoa, Quận Cầu Giấy, Hà Nội",Quận Cầu Giấy,Chưa bàn giao,47.0,10.0,,,,"Căn hộ dịch vụ, mini",Sổ hồng riêng,,,,,,10.45
"thịnh quang, Phường Thịnh Quang, Quận Đống Đa, Hà Nội",Quận Đống Đa,Đã bàn giao,54.0,2.0,,,,Chung cư,Sổ hồng riêng,,,,,,1.6
"Yên Nghĩa, Phường Yên Nghĩa, Quận Hà Đông, Hà Nội",Quận Hà Đông,Đã bàn giao,54.0,2.0,,,1.0,,,,,Đông Bắc,Tây Nam,,2.95
"Đường Trường Chinh, Phường Khương Thượng, Quận Đống Đa, Hà Nội",Quận Đống Đa,Đã bàn giao,52.0,2.0,,,,Chung cư,Sổ hồng riêng,,Nội thất cao cấp,,,,1.83
"Ngõ Thịnh Quang, Phường Thịnh Quang, Quận Đống Đa, Hà Nội",Quận Đống Đa,Đã bàn giao,45.0,2.0,,,2.0,Chung cư,Hợp đồng mua bán,,,,,,1.58
"Đường Hoàng Hoa Thám, Phường Ngọc Hà, Quận Ba Đình, Hà Nội",Quận Ba Đình,Đã bàn giao,50.0,2.0,,2.0,1.0,Chung cư,,,,,,,1.65
"Phố Vũ Tông Phan, Phường Khương Đình, Quận Thanh Xuân, Hà Nội",Quận Thanh Xuân,Đã bàn giao,50.0,2.0,,,1.0,Chung cư,Hợp đồng mua bán,,,,,,1.72
"Phố Thái Thịnh, Phường Thịnh Quang, Quận Đống Đa, Hà Nội",Quận Đống Đa,Đã bàn giao,50.0,2.0,,,,Chung cư,Hợp đồng mua bán,,,,,,1.59
"Đường Trần Cung, Phường Cổ Nhuế 1, Quận Bắc Từ Liêm, Hà Nội",Quận Bắc Từ Liêm,Đã bàn giao,55.0,2.0,,,1.0,Chung cư,Sổ hồng riêng,,,,,,1.68
"Nguyễn Đức Cảnh, Phường Giáp Bát, Quận Hoàng Mai, Hà Nội",Quận Hoàng Mai,Chưa bàn giao,70.0,2.0,,16.0,,Chung cư,Hợp đồng mua bán,,,,,,3.9
"Đường Mễ Trì, Phường Mễ Trì, Quận Nam Từ Liêm, Hà Nội",Quận Nam Từ Liêm,Đã bàn giao,74.0,2.0,,,2.0,Chung cư,Hợp đồng đặt cọc,,,,,,4.0
"Phố Tân Mai, Phường Tân Mai, Quận Hoàng Mai, Hà Nội",Quận Hoàng Mai,Đã bàn giao,100.0,11.0,,7.0,,"Căn hộ dịch vụ, mini",,,,,,,20.0
"Phố Bạch Mai, Phường Cầu Dền, Quận Hai Bà Trưng, Hà Nội",Quận Hai Bà Trưng,Chưa bàn giao,50.0,2.0,,1.0,,"Tập thể, cư xá",Sổ hồng riêng,,,,,,3.15
"Phố Trần Đăng Ninh, Phường Dịch Vọng Hậu, Quận Cầu Giấy, Hà Nội",Quận Cầu Giấy,Đã bàn giao,63.0,2.0,,,2.0,Chung cư,Sổ hồng riêng,,,,,,3.85
"Phố Nguyễn Cơ Thạch, Phường Mỹ Đình 1, Quận Nam Từ Liêm, Hà Nội",Quận Nam Từ Liêm,Đã bàn giao,85.0,3.0,,,2.0,Chung cư,Sổ hồng riêng,,,,,,4.25
"Phố Huỳnh Thúc Kháng, Phường Láng Thượng, Quận Đống Đa, Hà Nội",Quận Đống Đa,Đã bàn giao,62.0,3.0,,,2.0,"Tập thể, cư xá",Sổ hồng riêng,,,,,,3.55
"458, 458 Đường Minh Khai, Phường Vĩnh Tuy, Quận Hai Bà Trưng, Hà Nội",Quận Hai Bà Trưng,Chưa bàn giao,74.0,2.0,,,2.0,Chung cư,Sổ hồng riêng,,,,,,8.2
"Yên Viên, Thị trấn Trâu Quỳ, Huyện Gia Lâm, Hà Nội",Huyện Gia Lâm,Đã bàn giao,31.0,1.0,,,1.0,Chung cư,Sổ hồng riêng,,,,,,1.55
"Phố Phương Mai, Phường Kim Liên, Quận Đống Đa, Hà Nội",Quận Đống Đa,Đã bàn giao,85.0,3.0,,,,"Tập thể, cư xá",Sổ hồng riêng,,,,,,3.4
"Phố Tôn Đức Thắng, Phường Hàng Bột, Quận Đống Đa, Hà Nội",Quận Đống Đa,Chưa bàn giao,25.0,1.0,,,1.0,"Tập thể, cư xá",Hợp đồng mua bán,,,,,,1.05
"18 ngõ 81/14, Phố Trạm, Phường Long Biên, Quận Long Biên, Hà Nội",Quận Long Biên,Chưa bàn giao,41.0,5.0,,4.0,3.0,,,,,Đông Nam,,,7.3
"Đại Mỗ, Phường Tây Mỗ, Quận Nam Từ Liêm, Hà Nội",Quận Nam Từ Liêm,Đã bàn giao,43.0,1.0,SA5,20.0,,,,,,Tây Bắc,,,2.9
"Kiến Hưng, Phường Kiến Hưng, Quận Hà Đông, Hà Nội",Quận Hà Đông,Chưa bàn giao,70.0,2.0,,11.0,2.0,,,,,Đông Nam,,,2.299
"34, Đường Dương Văn Bé, Phường Tân Mai, Quận Hoàng Mai, Hà Nội",Quận Hoàng Mai,Đã bàn giao,109.0,3.0,GS3,,2.0,Chung cư,,,,,,,7.3
"Đường Nguyễn Trãi, Phường Khương Đình, Quận Thanh Xuân, Hà Nội",Quận Thanh Xuân,Đã bàn giao,65.0,2.0,,5.0,1.0,"Tập thể, cư xá",,,,,,,3.05
"Phố Thái Thịnh, Phường Thịnh Quang, Quận Đống Đa, Hà Nội",Quận Đống Đa,Chưa bàn giao,55.0,2.0,,3.0,1.0,"Tập thể, cư xá",,,,,,,2.45
"CT20, Phố Việt Hưng, Phường Việt Hưng, Quận Long Biên, Hà Nội",Quận Long Biên,Đã bàn giao,76.0,2.0,,,2.0,Chung cư,Sổ hồng riêng,,,,,,3.54
"Đường Khuất Duy Tiến, Phường Thanh Xuân Bắc, Quận Thanh Xuân, Hà Nội",Quận Thanh Xuân,Đã bàn giao,90.0,3.0,,,2.0,"Tập thể, cư xá",Sổ hồng riêng,,,,,,3.3
"Cổ Loa, Xã Cổ Loa, Huyện Đông Anh, Hà Nội",Huyện Đông Anh,Chưa bàn giao,30.0,1.0,,,,Chung cư,Hợp đồng mua bán,,,,,,3.0
"Phố Nguyễn Đức Cảnh, Phường Hoàng Văn Thụ, Quận Hoàng Mai, Hà Nội",Quận Hoàng Mai,Chưa bàn giao,90.0,3.0,,,,Chung cư,Sổ hồng riêng,,,,,,4.75
"Quốc Lộ 32, Xã Đan Phượng, Huyện Đan Phượng, Hà Nội",Huyện Đan Phượng,Chưa bàn giao,66.0,2.0,,,,Chung cư,Hợp đồng mua bán,,,,,,5.0
"Phố Tố Hữu, Phường Nhân Chính, Quận Thanh Xuân, Hà Nội",Quận Thanh Xuân,Đã bàn giao,133.0,3.0,,,2.0,Chung cư,Sổ hồng riêng,,,,,,6.986
"87, Lĩnh Nam, Phường Mai Động, Quận Hoàng Mai, Hà Nội",Quận Hoàng Mai,Đã bàn giao,76.0,2.0,,,2.0,Chung cư,Sổ hồng riêng,,,,,,4.3
"Tân Xuân, Phường Đông Ngạc, Quận Bắc Từ Liêm, Hà Nội",Quận Bắc Từ Liêm,Đã bàn giao,65.0,2.0,,,2.0,,,,,Tây Nam,Đông Nam,,3.25
"Thanh Nhàn, Phường Thanh Nhàn, Quận Hai Bà Trưng, Hà Nội",Quận Hai Bà Trưng,Chưa bàn giao,70.0,2.0,,,,"Tập thể, cư xá",1,,,,,,2.5
"Phố Nguyễn Phan Chánh, Phường Hoàng Liệt, Quận Hoàng Mai, Hà Nội",Quận Hoàng Mai,Đã bàn giao,78.0,3.0,,,2.0,Chung cư,,,,,Đông Nam,,4.5
"Phố Kim Ngưu, Phường Quỳnh Mai, Quận Hai Bà Trưng, Hà Nội",Quận Hai Bà Trưng,Đã bàn giao,65.0,2.0,,,1.0,"Tập thể, cư xá",Sổ hồng riêng,,,,,,2.7
"Phố Doãn Kế Thiện, Phường Mai Dịch, Quận Cầu Giấy, Hà Nội",Quận Cầu Giấy,Đã bàn giao,35.0,2.0,,5.0,1.0,"Tập thể, cư xá",,,,,,,1.7
"Đường Giải Phóng, Phường Phương Liệt, Quận Thanh Xuân, Hà Nội",Quận Thanh Xuân,Đã bàn giao,130.0,3.0,,,2.0,"Tập thể, cư xá",Sổ hồng riêng,,,,,,3.75
"5, Yên Viên, Thị trấn Trâu Quỳ, Huyện Gia Lâm, Hà Nội",Huyện Gia Lâm,Đã bàn giao,70.0,2.0,,,2.0,Chung cư,Sổ hồng riêng,,,,,,3.0
"5, Yên Viên, Thị trấn Trâu Quỳ, Huyện Gia Lâm, Hà Nội",Huyện Gia Lâm,Đã bàn giao,60.0,2.0,,,1.0,Chung cư,Sổ hồng riêng,,,,,,2.6
"5, Yên Viên, Thị trấn Trâu Quỳ, Huyện Gia Lâm, Hà Nội",Huyện Gia Lâm,Đã bàn giao,80.0,3.0,,,2.0,Chung cư,Sổ hồng riêng,,,,,,3.5
"Phạm Hùng, Phường Mỹ Đình 1, Quận Nam Từ Liêm, Hà Nội",Quận Nam Từ Liêm,Đã bàn giao,126.0,3.0,,,2.0,Chung cư,Hợp đồng mua bán,,,,,,7.2
"5, Yên Viên, Thị trấn Trâu Quỳ, Huyện Gia Lâm, Hà Nội",Huyện Gia Lâm,Đã bàn giao,47.0,1.0,,,1.0,Chung cư,Sổ hồng riêng,,,,,,2.2
"502 khu TT 8/3, Phố 8 Tháng 3, Phường Quỳnh Mai, Quận Hai Bà Trưng, Hà Nội",Quận Hai Bà Trưng,Đã bàn giao,65.0,2.0,,5.0,1.0,"Tập thể, cư xá",,,,,,,2.8
"5, Yên Viên, Thị trấn Trâu Quỳ, Huyện Gia Lâm, Hà Nội",Huyện Gia Lâm,Đã bàn giao,31.0,1.0,,,1.0,Chung cư,Sổ hồng riêng,,,,,,1.6
"Phố Phương Mai, Phường Phương Mai, Quận Đống Đa, Hà Nội",Quận Đống Đa,Chưa bàn giao,50.0,2.0,,,,"Tập thể, cư xá",Sổ hồng riêng,,,,,,2.45
"Phố Tô Vĩnh Diện, Phường Khương Trung, Quận Thanh Xuân, Hà Nội",Quận Thanh Xuân,Đã bàn giao,78.0,11.0,,,,,,,,Bắc,Đông Bắc,,18.5
"Khu đô thị Thạch Bàn, Phường Thạch Bàn, Quận Long Biên, Hà Nội",Quận Long Biên,Đã bàn giao,95.0,3.0,,25.0,2.0,Chung cư,,,,,,,4.6
"Hoàng Liệt, Phường Hoàng Liệt, Quận Hoàng Mai, Hà Nội",Quận Hoàng Mai,Đã bàn giao,70.0,2.0,,,,Chung cư,Hợp đồng mua bán,,,,,,2.56
"Đại Mỗ, Phường Đại Mỗ, Quận Nam Từ Liêm, Hà Nội",Quận Nam Từ Liêm,Chưa bàn giao,66.0,2.0,,,2.0,Chung cư,Sổ hồng riêng,,,,,,3.85
"số 32, Đại Từ, Phường Đại Kim, Quận Hoàng Mai, Hà Nội",Quận Hoàng Mai,Đã bàn giao,80.0,3.0,B,,2.0,Chung cư,,,,,,,4.5
"Phố Lê Gia Đỉnh, Phường Phố Huế, Quận Hai Bà Trưng, Hà Nội",Quận Hai Bà Trưng,Đã bàn giao,55.0,2.0,,3.0,1.0,"Tập thể, cư xá",,,,,,,2.39
"Đường 40M Nam Thăng Long, Phường Phú Thượng, Quận Tây Hồ, Hà Nội",Quận Tây Hồ,Chưa bàn giao,140.0,3.0,,,,Duplex,Hợp đồng mua bán,,,,,,30.0
"Phố Khương Hạ, Phường Khương Đình, Quận Thanh Xuân, Hà Nội",Quận Thanh Xuân,Đã bàn giao,45.0,1.0,,5.0,1.0,"Căn hộ dịch vụ, mini",,,,,,,1.6
"Đường Vân Hồ 3, Phường Lê Đại Hành, Quận Hai Bà Trưng, Hà Nội",Quận Hai Bà Trưng,Đã bàn giao,75.0,2.0,7,1.0,2.0,,,,,,,,2.5
"Phố Trần Hữu Dực, Phường Mỹ Đình 2, Quận Nam Từ Liêm, Hà Nội",Quận Nam Từ Liêm,Đã bàn giao,115.0,3.0,,,,Chung cư,Sổ hồng riêng,,,,,,5.7
"Đường Trần Phú, Phường Mộ Lao, Quận Hà Đông, Hà Nội",Quận Hà Đông,Chưa bàn giao,112.0,3.0,,,2.0,Chung cư,Sổ hồng riêng,,,,,,5.6
"Đường Lê Văn Lương, Phường Nhân Chính, Quận Thanh Xuân, Hà Nội",Quận Thanh Xuân,Đã bàn giao,70.0,2.0,,,,Chung cư,Sổ hồng riêng,,,,,,4.3
"Linh Đường, Phường Hoàng Liệt, Quận Hoàng Mai, Hà Nội",Quận Hoàng Mai,Đã bàn giao,71.0,2.0,,,2.0,,,,,Tây Bắc,Đông Nam,,2.56
"Linh Đường, Phường Hoàng Liệt, Quận Hoàng Mai, Hà Nội",Quận Hoàng Mai,Đã bàn giao,48.0,2.0,,,1.0,Chung cư,Hợp đồng mua bán,,,,,,2.07
"Lô HH6, Lô HH6 Lô đất HH6, Khu đô thị mới Nam An Khánh, Huyện Hoài Đức, Hà Nội, Xã An Khánh, Huyện Hoài Đức, Hà Nội",Huyện Hoài Đức,Chưa bàn giao,60.0,2.0,,,2.0,Chung cư,Sổ hồng riêng,,,,,,3.35
"Phố Kim Mã, Phường Ngọc Khánh, Quận Ba Đình, Hà Nội",Quận Ba Đình,Chưa bàn giao,60.0,2.0,,4.0,2.0,"Tập thể, cư xá",,,,,,,2.95
"xuân thủy, Phường Mai Dịch, Quận Cầu Giấy, Hà Nội",Quận Cầu Giấy,Đã bàn giao,50.0,2.0,,,,"Căn hộ dịch vụ, mini",Sổ hồng riêng,,,,,,1.7
"Hồ Đền Lừ, Phường Tân Mai, Quận Hoàng Mai, Hà Nội",Quận Hoàng Mai,Chưa bàn giao,60.0,2.0,,13.0,,Chung cư,Sổ hồng riêng,,,,,,3.1
"Đường Lê Quang Đạo, Phường Mễ Trì, Quận Nam Từ Liêm, Hà Nội",Quận Nam Từ Liêm,Chưa bàn giao,113.0,3.0,,,2.0,Chung cư,Sổ hồng riêng,,,,,,14.8
"Đường Hoàng Hoa Thám, Phường Vĩnh Phúc, Quận Ba Đình, Hà Nội",Quận Ba Đình,Chưa bàn giao,1000.0,11.0,,,,Chung cư,Sổ hồng riêng,,,,,,16.0
"Phố Hồng Mai, Phường Quỳnh Mai, Quận Hai Bà Trưng, Hà Nội",Quận Hai Bà Trưng,Chưa bàn giao,30.0,2.0,,1.0,,"Tập thể, cư xá",Sổ hồng riêng,,,,,,1.8
"16 , Phố Láng Hạ, Phường Thành Công, Quận Ba Đình, Hà Nội",Quận Ba Đình,Đã bàn giao,123.0,3.0,,9.0,2.0,,,,,Đông Bắc,,,19.0
"Phố Đặng Văn Ngữ, Phường Trung Tự, Quận Đống Đa, Hà Nội",Quận Đống Đa,Đã bàn giao,65.0,3.0,,,1.0,"Tập thể, cư xá",Sổ hồng riêng,,,,,,3.45
"A2, Phố Khâm Thiên, Phường Thổ Quan, Quận Đống Đa, Hà Nội",Quận Đống Đa,Chưa bàn giao,75.0,3.0,A2,2.0,,,,,,Tây Nam,,,3.9
"Đường Xuân Đỉnh, Phường Xuân Đỉnh, Quận Bắc Từ Liêm, Hà Nội",Quận Bắc Từ Liêm,Đã bàn giao,55.0,11.0,,,,"Căn hộ dịch vụ, mini",Sổ hồng riêng,,Nội thất đầy đủ,,,,11.0
"Tam Trinh , Phường Vĩnh Hưng, Quận Hoàng Mai, Hà Nội",Quận Hoàng Mai,Đã bàn giao,65.0,2.0,,,,Chung cư,Sổ hồng riêng,,Nội thất đầy đủ,,,,3.5
"Yên Hòa, Phường Yên Hoà, Quận Cầu Giấy, Hà Nội",Quận Cầu Giấy,Đã bàn giao,71.0,2.0,,17.0,1.0,Chung cư,,,,,,,4.28
"Đường Tam Trinh, Phường Yên Sở, Quận Hoàng Mai, Hà Nội",Quận Hoàng Mai,Đã bàn giao,78.0,2.0,,,2.0,Chung cư,Sổ hồng riêng,,,,,,4.5
"Phố Quan Nhân, Phường Nhân Chính, Quận Thanh Xuân, Hà Nội",Quận Thanh Xuân,Đã bàn giao,52.0,2.0,,,1.0,Chung cư,Sổ hồng riêng,,,,,,0.78
"Phố Thái Hà, Phường Láng Hạ, Quận Đống Đa, Hà Nội",Quận Đống Đa,Đã bàn giao,55.0,2.0,9,3.0,1.0,,,,,,,,1.92
"Phố Tân Mai, Phường Tân Mai, Quận Hoàng Mai, Hà Nội",Quận Hoàng Mai,Chưa bàn giao,38.0,3.0,,,1.0,"Tập thể, cư xá",Sổ hồng riêng,,,,,,3.68
"Đường Tây Mỗ, Phường Đại Mỗ, Quận Nam Từ Liêm, Hà Nội",Quận Nam Từ Liêm,Đã bàn giao,31.0,1.0,B,12.0,,,,,,Nam,,,2.193
"Đường Lê Đức Thọ, Phường Mỹ Đình 2, Quận Nam Từ Liêm, Hà Nội",Quận Nam Từ Liêm,Chưa bàn giao,76.0,2.0,,,2.0,Chung cư,Sổ hồng riêng,,,,,,4.2
"Đường Mỹ Đình, Phường Mỹ Đình 2, Quận Nam Từ Liêm, Hà Nội",Quận Nam Từ Liêm,Đã bàn giao,50.0,11.0,,,,"Căn hộ dịch vụ, mini",Sổ hồng riêng,,,,,,12.5
"Phố Đỗ Nhuận, Phường Xuân Đỉnh, Quận Bắc Từ Liêm, Hà Nội",Quận Bắc Từ Liêm,Đã bàn giao,85.0,2.0,,4.0,2.0,Chung cư,,,,,,,4.3
"Phố Hoàng Công, Phường Kiến Hưng, Quận Hà Đông, Hà Nội",Quận Hà Đông,Đã bàn giao,72.0,2.0,,5.0,2.0,Chung cư,,,,,,,3.3
"Số 323, Số 323 Số 323 Xuân Đỉnh, phường Xuân Đỉnh, quận Bắc Từ Liêm, TP. Hà Nội, Phường Xuân Đỉnh, Quận Bắc Từ Liêm, Hà Nội",Quận Bắc Từ Liêm,Đã bàn giao,87.0,3.0,,,2.0,,,,,Tây Nam,Đông Nam,,5.95
"Đường Lê Quang Đạo, Phường Phú Đô, Quận Nam Từ Liêm, Hà Nội",Quận Nam Từ Liêm,Chưa bàn giao,45.0,11.0,,,,"Căn hộ dịch vụ, mini",Sổ hồng riêng,,,,,,10.2
"Phạm Văn Đồng, Phường Cổ Nhuế 2, Quận Bắc Từ Liêm, Hà Nội",Quận Bắc Từ Liêm,Đã bàn giao,101.0,3.0,,,2.0,,,,,Đông,Bắc,,4.0
"Hoàng Liệt, Phường Hoàng Liệt, Quận Hoàng Mai, Hà Nội",Quận Hoàng Mai,Đã bàn giao,56.0,2.0,,20.0,2.0,Chung cư,,,,,,,2.42
"S402 Smart City, Phường Tây Mỗ, Quận Nam Từ Liêm, Hà Nội",Quận Nam Từ Liêm,Đã bàn giao,30.0,1.0,,,,Chung cư,Sổ hồng riêng,,,,,,2.18
"Yên Viên, Thị trấn Trâu Quỳ, Huyện Gia Lâm, Hà Nội",Huyện Gia Lâm,Đã bàn giao,60.0,2.0,,,1.0,Chung cư,Sổ hồng riêng,,,,,,2.57
"Phố Tân Mai, Phường Tân Mai, Quận Hoàng Mai, Hà Nội",Quận Hoàng Mai,Đã bàn giao,80.0,3.0,,,2.0,"Tập thể, cư xá",Sổ hồng riêng,,,,,,2.75
"30, 30 Đường Phạm Văn Đồng, Phường Dịch Vọng Hậu, Quận Cầu Giấy, Hà Nội",Quận Cầu Giấy,Chưa bàn giao,70.0,2.0,,10.0,2.0,Chung cư,,,,,,,4.55
"Yên Hòa, Phường Yên Hoà, Quận Cầu Giấy, Hà Nội",Quận Cầu Giấy,Đã bàn giao,70.0,2.0,,,2.0,Chung cư,Hợp đồng mua bán,,,,,,3.59
"Yên Viên, Thị trấn Trâu Quỳ, Huyện Gia Lâm, Hà Nội",Huyện Gia Lâm,Đã bàn giao,47.0,1.0,,,1.0,Chung cư,Sổ hồng riêng,,,,,,2.18
"Phường Tây Mỗ, Quận Nam Từ Liêm, Hà Nội, Phường Tây Mỗ, Quận Nam Từ Liêm, Hà Nội",Quận Nam Từ Liêm,Đã bàn giao,75.0,3.0,,,2.0,Chung cư,Sổ hồng riêng,,,,,,4.65
"Đường Lê Văn Lương, Phường Nhân Chính, Quận Thanh Xuân, Hà Nội",Quận Thanh Xuân,Đã bàn giao,70.0,2.0,,,,"Căn hộ dịch vụ, mini",Sổ hồng riêng,,,,,,4.3
"ct10, Phố Nguyễn Cao Luyện, Phường Đức Giang, Quận Long Biên, Hà Nội",Quận Long Biên,Chưa bàn giao,126.0,3.0,CT10,,2.0,,,,,Tây,,,5.5
"Đường Nguyễn Xiển, Phường Kim Giang, Quận Thanh Xuân, Hà Nội",Quận Thanh Xuân,Đã bàn giao,45.0,2.0,,26.0,,Chung cư,Sổ hồng riêng,,,,,,2.23
"Phố Linh Đường, Phường Hoàng Liệt, Quận Hoàng Mai, Hà Nội",Quận Hoàng Mai,Đã bàn giao,80.0,3.0,,8.0,2.0,Chung cư,,,,,,,4.48
"Phường Tây Mỗ, Quận Nam Từ Liêm, Hà Nội, Phường Tây Mỗ, Quận Nam Từ Liêm, Hà Nội",Quận Nam Từ Liêm,Đã bàn giao,54.0,2.0,,,1.0,Chung cư,Sổ hồng riêng,,,,,,3.5
"Yên Viên, Thị trấn Trâu Quỳ, Huyện Gia Lâm, Hà Nội",Huyện Gia Lâm,Đã bàn giao,47.0,1.0,,,1.0,Chung cư,Sổ hồng riêng,,,,,,2.18
"Nguyễn Đức Cảnh , Phường Hoàng Văn Thụ, Quận Hoàng Mai, Hà Nội",Quận Hoàng Mai,Chưa bàn giao,90.0,3.0,,,2.0,Chung cư,Sổ hồng riêng,,,,,,4.75
"Phố Nguyễn Cao Luyện, Phường Giang Biên, Quận Long Biên, Hà Nội",Quận Long Biên,Chưa bàn giao,96.0,3.0,,,2.0,Chung cư,Sổ hồng riêng,,,,,,3.81
"Ngõ 33 - Tổ 6 Đa Sĩ - P.Kiến Hưng, Phường Kiến Hưng, Quận Hà Đông, Hà Nội",Quận Hà Đông,Đã bàn giao,80.0,3.0,A,29.0,,,,,,Đông Bắc,,,3.8
"5, Đường Khuất Duy Tiến, Phường Thanh Xuân Bắc, Quận Thanh Xuân, Hà Nội",Quận Thanh Xuân,Đã bàn giao,60.0,2.0,,,1.0,"Tập thể, cư xá",Sổ hồng riêng,,,,,,2.0
"Đường Khuất Duy Tiến, Phường Thanh Xuân Bắc, Quận Thanh Xuân, Hà Nội",Quận Thanh Xuân,Chưa bàn giao,90.0,3.0,,4.0,2.0,"Tập thể, cư xá",,,,,,,3.3
"Đường Hoàng Quốc Việt, Phường Cổ Nhuế 1, Quận Bắc Từ Liêm, Hà Nội",Quận Bắc Từ Liêm,Đã bàn giao,105.0,2.0,,,,Chung cư,Sổ hồng riêng,,,,,,5.6
"201, Minh Khai, Phường Minh Khai, Quận Hai Bà Trưng, Hà Nội",Quận Hai Bà Trưng,Đã bàn giao,76.0,2.0,S1,,2.0,,,,,Tây Bắc,,,7.2
"Phố Doãn Kế Thiện, Phường Mai Dịch, Quận Cầu Giấy, Hà Nội",Quận Cầu Giấy,Chưa bàn giao,41.0,2.0,,5.0,1.0,"Tập thể, cư xá",,,,,,,3.3
"s2.06, Đường San Hô 1, Xã Đa Tốn, Huyện Gia Lâm, Hà Nội",Huyện Gia Lâm,Đã bàn giao,75.0,3.0,,8.0,2.0,,,,,Đông,,,3.75
"Đường Dương Nội, Phường Dương Nội, Quận Hà Đông, Hà Nội",Quận Hà Đông,Đã bàn giao,86.0,3.0,B,5.0,,,,,,Bắc,,,4.1
"Phung Hung, Phường Phú La, Quận Hà Đông, Hà Nội",Quận Hà Đông,Đã bàn giao,71.0,2.0,,14.0,1.0,,,,,Bắc,,,4.68
"Đường Hồ Tùng Mậu, Phường Mai Dịch, Quận Cầu Giấy, Hà Nội",Quận Cầu Giấy,Đã bàn giao,35.0,2.0,,,1.0,Chung cư,Sổ hồng riêng,,,,,,1.25
"Đường Đền Lừ 2, Phường Hoàng Văn Thụ, Quận Hoàng Mai, Hà Nội",Quận Hoàng Mai,Đã bàn giao,56.0,3.0,,,2.0,Chung cư,Sổ hồng riêng,,,,,,3.8
"Giáp Nhất, Phường Khương Đình, Quận Thanh Xuân, Hà Nội",Quận Thanh Xuân,Đã bàn giao,50.0,2.0,,,1.0,Chung cư,Hợp đồng mua bán,,,,,,1.65
"Phường Đại Kim, Hoàng Mai, Hà Nội, Phường Đại Kim, Quận Hoàng Mai, Hà Nội",Quận Hoàng Mai,Chưa bàn giao,76.0,3.0,,,2.0,,,,,Tây Nam,Đông Bắc,,4.15
"Phố Thái Thịnh, Phường Thịnh Quang, Quận Đống Đa, Hà Nội",Quận Đống Đa,Đã bàn giao,65.0,2.0,,,2.0,"Căn hộ dịch vụ, mini",Hợp đồng mua bán,,,,,,1.65
"Võ Chí Công, Phường Phú Thượng, Quận Tây Hồ, Hà Nội",Quận Tây Hồ,Chưa bàn giao,70.0,2.0,,,2.0,Chung cư,Sổ hồng riêng,,,,,,3.95
"Đại Mỗ, Phường Tây Mỗ, Quận Nam Từ Liêm, Hà Nội",Quận Nam Từ Liêm,Đã bàn giao,63.0,2.0,,,2.0,Chung cư,Sổ hồng riêng,,,,,,4.26
"Đại Mỗ, Phường Tây Mỗ, Quận Nam Từ Liêm, Hà Nội",Quận Nam Từ Liêm,Đã bàn giao,55.0,2.0,,,1.0,Chung cư,Sổ hồng riêng,,,,,,3.66
"Đường Nguyễn Xiển, Phường Đại Kim, Quận Hoàng Mai, Hà Nội",Quận Hoàng Mai,Chưa bàn giao,70.0,2.0,,,,Chung cư,Sổ hồng riêng,,Nội thất cao cấp,,,,3.25
"Phố Pháo Đài Láng, Phường Láng Thượng, Quận Đống Đa, Hà Nội",Quận Đống Đa,Chưa bàn giao,54.0,2.0,,,1.0,"Căn hộ dịch vụ, mini",Hợp đồng mua bán,,,,,,1.95
"Phố Trích Sài, Phường Bưởi, Quận Tây Hồ, Hà Nội",Quận Tây Hồ,Đã bàn giao,55.0,2.0,,,1.0,Chung cư,Sổ hồng riêng,,,,,,1.98
"Đường Lạc Long Quân, Phường Xuân La, Quận Tây Hồ, Hà Nội",Quận Tây Hồ,Đã bàn giao,50.0,2.0,,,1.0,Chung cư,Sổ hồng riêng,,,,,,1.68
"Xã Đa Tốn, Xã Đa Tốn, Huyện Gia Lâm, Hà Nội",Huyện Gia Lâm,Đã bàn giao,42.0,1.0,,,1.0,Chung cư,Sổ hồng riêng,,,,,,3.04
"Phố An Trạch, Phường Quốc Tử Giám, Quận Đống Đa, Hà Nội",Quận Đống Đa,Đã bàn giao,28.0,1.0,,,1.0,Chung cư,Sổ hồng riêng,,,,,,1.18
"275, Đường Nguyễn Trãi, Phường Thanh Xuân Trung, Quận Thanh Xuân, Hà Nội",Quận Thanh Xuân,Chưa bàn giao,166.0,3.0,B,2.0,,,,,,Đông Nam,,,9.9
"Phố Nguyễn Trãi, Phường Thượng Đình, Quận Thanh Xuân, Hà Nội",Quận Thanh Xuân,Chưa bàn giao,100.0,2.0,,,2.0,Chung cư,Hợp đồng mua bán,,,,,,2.18
"Phố An Trạch 1, Phường Quốc Tử Giám, Quận Đống Đa, Hà Nội",Quận Đống Đa,Chưa bàn giao,35.0,1.0,,,1.0,"Căn hộ dịch vụ, mini",Hợp đồng mua bán,,,,,,1.38
"Linh Đường, Phường Hoàng Liệt, Quận Hoàng Mai, Hà Nội",Quận Hoàng Mai,Đã bàn giao,46.0,2.0,,,1.0,Chung cư,Hợp đồng mua bán,,,,,,1.95
"Phố Tân Mai, Phường Tân Mai, Quận Hoàng Mai, Hà Nội",Quận Hoàng Mai,Chưa bàn giao,28.0,3.0,,,2.0,"Tập thể, cư xá",Sổ hồng riêng,,,,,,2.86
"Tam Trinh, Phường Mai Động, Quận Hoàng Mai, Hà Nội",Quận Hoàng Mai,Đã bàn giao,63.0,2.0,,,2.0,Chung cư,Sổ hồng riêng,,,,,,3.959
"Cầu Bươu, Phường Kiến Hưng, Quận Hà Đông, Hà Nội",Quận Hà Đông,Đã bàn giao,76.0,2.0,,,2.0,Chung cư,Sổ hồng riêng,,,,,,3.36
"CT12 Kim Văn Kim Lũ, Đường Nguyễn Xiển, Phường Đại Kim, Quận Hoàng Mai, Hà Nội",Quận Hoàng Mai,Đã bàn giao,45.0,2.0,,,,Chung cư,Sổ hồng riêng,,Nội thất đầy đủ,,,,2.49
"Yên Viên, Thị trấn Trâu Quỳ, Huyện Gia Lâm, Hà Nội",Huyện Gia Lâm,Đã bàn giao,59.0,2.0,,,1.0,Chung cư,Sổ hồng riêng,,,,,,2.6
"Hoàng Liệt, Phường Đại Kim, Quận Hoàng Mai, Hà Nội",Quận Hoàng Mai,Đã bàn giao,85.0,3.0,6B,8.0,,,,,,Đông,,,4.606
"Yên Viên, Thị trấn Trâu Quỳ, Huyện Gia Lâm, Hà Nội",Huyện Gia Lâm,Đã bàn giao,68.0,2.0,,,2.0,Chung cư,Sổ hồng riêng,,,,,,2.9
"An Dương Vương, Phường Phú Thượng, Quận Tây Hồ, Hà Nội",Quận Tây Hồ,Đã bàn giao,45.0,1.0,,,1.0,Chung cư,Sổ hồng riêng,,,,,,1.55
"Yên Viên, Thị trấn Trâu Quỳ, Huyện Gia Lâm, Hà Nội",Huyện Gia Lâm,Đã bàn giao,47.0,1.0,,,1.0,Chung cư,Sổ hồng riêng,,,,,,2.25
"Yên Viên, Thị trấn Trâu Quỳ, Huyện Gia Lâm, Hà Nội",Huyện Gia Lâm,Đã bàn giao,80.0,3.0,,,2.0,Chung cư,Sổ hồng riêng,,,,,,3.5
"Yên Viên, Thị trấn Trâu Quỳ, Huyện Gia Lâm, Hà Nội",Huyện Gia Lâm,Đã bàn giao,60.0,2.0,,,1.0,Chung cư,1,,,,,,2.6
"Yên Viên, Thị trấn Trâu Quỳ, Huyện Gia Lâm, Hà Nội",Huyện Gia Lâm,Đã bàn giao,70.0,2.0,,,2.0,Chung cư,Sổ hồng riêng,,,,,,3.1
"Yên Viên, Thị trấn Trâu Quỳ, Huyện Gia Lâm, Hà Nội",Huyện Gia Lâm,Đã bàn giao,37.0,1.0,,,1.0,Chung cư,Sổ hồng riêng,,,,,,1.65
"Đại Mỗ, Phường Tây Mỗ, Quận Nam Từ Liêm, Hà Nội",Quận Nam Từ Liêm,Đã bàn giao,43.0,2.0,,,1.0,,,,,Tây Bắc,Đông Nam,,2.88
"Ngõ 250 Minh Khai, Phường Minh Khai, Quận Hai Bà Trưng, Hà Nội",Quận Hai Bà Trưng,Đã bàn giao,80.0,2.0,,10.0,2.0,Chung cư,,,,,,,5.0
"Yên Viên, Thị trấn Trâu Quỳ, Huyện Gia Lâm, Hà Nội",Huyện Gia Lâm,Chưa bàn giao,43.0,2.0,,,1.0,,,,,Tây Bắc,Đông Nam,,2.1
"Đường Trương Định, Phường Giáp Bát, Quận Hoàng Mai, Hà Nội",Quận Hoàng Mai,Đã bàn giao,99.0,11.0,,7.0,,"Căn hộ dịch vụ, mini",,,,,,,21.0
"Khu Trung Hòa Nhân Chính, Phường Nhân Chính, Quận Thanh Xuân, Hà Nội",Quận Thanh Xuân,Đã bàn giao,100.0,3.0,,,2.0,,,,,Đông Bắc,Đông Nam,,4.97
"Đường Phạm Văn Đồng, Phường Cổ Nhuế 1, Quận Bắc Từ Liêm, Hà Nội",Quận Bắc Từ Liêm,Đã bàn giao,60.0,11.0,,,,"Căn hộ dịch vụ, mini",Sổ hồng riêng,,Nội thất cao cấp,,,,14.9
"Phúc Lợi, Phường Phúc Lợi, Quận Long Biên, Hà Nội",Quận Long Biên,Đã bàn giao,36.0,1.0,,,1.0,Chung cư,Sổ hồng riêng,,,,,,3.25
"Yên Viên, Thị trấn Trâu Quỳ, Huyện Gia Lâm, Hà Nội",Huyện Gia Lâm,Đã bàn giao,31.0,1.0,,,1.0,Chung cư,Sổ hồng riêng,,,,,,1.65
"Yên Viên, Thị trấn Trâu Quỳ, Huyện Gia Lâm, Hà Nội",Huyện Gia Lâm,Đã bàn giao,82.0,3.0,,,2.0,Chung cư,Sổ hồng riêng,,,,,,3.67
"Yên Viên, Thị trấn Trâu Quỳ, Huyện Gia Lâm, Hà Nội",Huyện Gia Lâm,Đã bàn giao,68.0,2.0,,,2.0,Chung cư,Sổ hồng riêng,,,,,,3.05
"Yên Viên, Thị trấn Trâu Quỳ, Huyện Gia Lâm, Hà Nội",Huyện Gia Lâm,Đã bàn giao,60.0,2.0,,,1.0,Chung cư,Sổ hồng riêng,,,,,,2.5
"Đường Hải Đăng 5, Xã Đa Tốn, Huyện Gia Lâm, Hà Nội",Huyện Gia Lâm,Đã bàn giao,55.0,2.0,S1,18.0,,,,,,Tây Nam,,,2.72
"Phố Dương Khuê, Phường Mai Dịch, Quận Cầu Giấy, Hà Nội",Quận Cầu Giấy,Đã bàn giao,124.0,3.0,,,2.0,Chung cư,,,,,Đông Nam,,6.68
"201, Minh Khai, Phường Minh Khai, Quận Hai Bà Trưng, Hà Nội",Quận Hai Bà Trưng,Đã bàn giao,100.0,3.0,S1,11.0,2.0,,,,,,,,10.5
"Đường Phạm Hùng, Phường Mỹ Đình 1, Quận Nam Từ Liêm, Hà Nội",Quận Nam Từ Liêm,Đã bàn giao,70.0,2.0,,,,Chung cư,Sổ hồng riêng,,Nội thất đầy đủ,,,,7.2
"Yên Viên, Thị trấn Trâu Quỳ, Huyện Gia Lâm, Hà Nội",Huyện Gia Lâm,Đã bàn giao,47.0,1.0,,,1.0,Chung cư,Sổ hồng riêng,,,,,,2.21
"Phố Trung Kính, Phường Trung Hoà, Quận Cầu Giấy, Hà Nội",Quận Cầu Giấy,Đã bàn giao,120.0,4.0,,,2.0,,,,,Tây Nam,Đông Bắc,,8.0
"Đường Võ Chí Công, Phường Xuân La, Quận Tây Hồ, Hà Nội",Quận Tây Hồ,Chưa bàn giao,76.0,3.0,,3.0,2.0,,,,,Đông Nam,,,4.05
"Vin, Thị trấn Trâu Quỳ, Huyện Gia Lâm, Hà Nội",Huyện Gia Lâm,Đã bàn giao,55.0,2.0,,,2.0,Chung cư,Sổ hồng riêng,,,,,,3.9
"Đại Mỗ, Phường Tây Mỗ, Quận Nam Từ Liêm, Hà Nội",Quận Nam Từ Liêm,Đã bàn giao,43.0,1.0,,,1.0,,,,,Tây Nam,Đông Nam,,3.0
"Yên Viên, Thị trấn Trâu Quỳ, Huyện Gia Lâm, Hà Nội",Huyện Gia Lâm,Đã bàn giao,59.0,2.0,,,1.0,Chung cư,Sổ hồng riêng,,,,,,2.65
"Yên Hòa, Phường Yên Hoà, Quận Cầu Giấy, Hà Nội",Quận Cầu Giấy,Đã bàn giao,71.0,2.0,,,1.0,Chung cư,Sổ hồng riêng,,,,,,4.28
"Yên Viên, Thị trấn Trâu Quỳ, Huyện Gia Lâm, Hà Nội",Huyện Gia Lâm,Đã bàn giao,102.0,3.0,,,3.0,Chung cư,Sổ hồng riêng,,,,,,4.95
"28, 28 Đường Trần Bình, Phường Mỹ Đình 2, Quận Nam Từ Liêm, Hà Nội",Quận Nam Từ Liêm,Chưa bàn giao,133.0,3.0,A,17.0,,,,,,Bắc,,,8.2
"Yên Viên, Thị trấn Trâu Quỳ, Huyện Gia Lâm, Hà Nội",Huyện Gia Lâm,Đã bàn giao,47.0,1.0,,,1.0,Chung cư,Sổ hồng riêng,,,,,,2.21
"Yên Viên, Thị trấn Trâu Quỳ, Huyện Gia Lâm, Hà Nội",Huyện Gia Lâm,Đã bàn giao,60.0,2.0,,,1.0,Chung cư,Sổ hồng riêng,,,,,,2.7
"304, Hồ Tùng Mậu, Phường Phú Diễn, Quận Bắc Từ Liêm, Hà Nội",Quận Bắc Từ Liêm,Đã bàn giao,122.0,4.0,,,2.0,,,,,Đông Bắc,Tây Nam,,5.0
"Đường Phan Trọng Tuệ, Xã Tả Thanh Oai, Thanh Trì, Hà Nội, Xã Tả Thanh Oai, Huyện Thanh Trì, Hà Nội",Huyện Thanh Trì,Chưa bàn giao,36.0,1.0,,,1.0,Chung cư,Sổ hồng riêng,,,,,,1.58
"Triều Khúc , Phường Thanh Xuân Nam, Quận Thanh Xuân, Hà Nội",Quận Thanh Xuân,Đã bàn giao,35.0,1.0,,,1.0,"Căn hộ dịch vụ, mini",Hợp đồng đặt cọc,,,,,,1.17
"Phố Kim Ngưu, Phường Quỳnh Mai, Quận Hai Bà Trưng, Hà Nội",Quận Hai Bà Trưng,Đã bàn giao,70.0,2.0,,,1.0,"Tập thể, cư xá",Sổ hồng riêng,,,,,,2.8
"Yên Viên, Thị trấn Trâu Quỳ, Huyện Gia Lâm, Hà Nội",Huyện Gia Lâm,Đã bàn giao,31.0,1.0,,,1.0,Chung cư,Sổ hồng riêng,,,,,,1.55
"Cầu Bươu, Phường Kiến Hưng, Quận Hà Đông, Hà Nội",Quận Hà Đông,Đã bàn giao,45.0,2.0,,,1.0,,,,,Đông,Bắc,,2.15
"Số 7, Trần Phú, Phường Văn Quán, Quận Hà Đông, Hà Nội",Quận Hà Đông,Đã bàn giao,89.0,2.0,A,10.0,,,,,,Tây Nam,,,4.35
"5, Yên Viên, Thị trấn Trâu Quỳ, Huyện Gia Lâm, Hà Nội",Huyện Gia Lâm,Đã bàn giao,80.0,3.0,,,2.0,Chung cư,Sổ hồng riêng,,,,,,3.5
"5, Yên Viên, Thị trấn Trâu Quỳ, Huyện Gia Lâm, Hà Nội",Huyện Gia Lâm,Đã bàn giao,70.0,2.0,,,2.0,Chung cư,Sổ hồng riêng,,,,,,3.1
"5, Yên Viên, Thị trấn Trâu Quỳ, Huyện Gia Lâm, Hà Nội",Huyện Gia Lâm,Đã bàn giao,60.0,2.0,,,1.0,Chung cư,Sổ hồng riêng,,,,,,2.5
"Cầu Bươu, Phường Kiến Hưng, Quận Hà Đông, Hà Nội",Quận Hà Đông,Đã bàn giao,45.0,2.0,,,1.0,,,,,Bắc,Đông,,2.15
"5, Yên Viên, Thị trấn Trâu Quỳ, Huyện Gia Lâm, Hà Nội",Huyện Gia Lâm,Đã bàn giao,31.0,1.0,,,1.0,Chung cư,Sổ hồng riêng,,,,,,1.5
"5, Yên Viên, Thị trấn Trâu Quỳ, Huyện Gia Lâm, Hà Nội",Huyện Gia Lâm,Đã bàn giao,47.0,1.0,,,1.0,Chung cư,Sổ hồng riêng,,,,,,2.1
"Linh Đường, Phường Hoàng Liệt, Quận Hoàng Mai, Hà Nội",Quận Hoàng Mai,Đã bàn giao,58.0,2.0,,,2.0,,,,,Đông Bắc,Tây Nam,,2.43
"Đường Quang Trung, Phường Quang Trung, Quận Hà Đông, Hà Nội",Quận Hà Đông,Đã bàn giao,150.0,3.0,,,2.0,Chung cư,Sổ hồng riêng,,,,,,5.45
"Phường Tây Mỗ, Quận Nam Từ Liêm, Hà Nội, Phường Tây Mỗ, Quận Nam Từ Liêm, Hà Nội",Quận Nam Từ Liêm,Chưa bàn giao,28.0,1.0,,,,Chung cư,Sổ hồng riêng,,,,,,2.2
"khâm thiên, Phường Ô Chợ Dừa, Quận Đống Đa, Hà Nội",Quận Đống Đa,Đã bàn giao,46.0,2.0,,,1.0,,,,,Tây,Đông Nam,,0.65
"210, Quang Trung, Phường Phúc La, Quận Hà Đông, Hà Nội",Quận Hà Đông,Đã bàn giao,115.0,3.0,,,2.0,Chung cư,Sổ hồng riêng,,,,,,4.8
"Đường Lô 1 Đền Lừ 1, Phường Hoàng Văn Thụ, Quận Hoàng Mai, Hà Nội",Quận Hoàng Mai,Đã bàn giao,54.0,2.0,,,1.0,Chung cư,Sổ hồng riêng,,,,,,2.86
"Đại Mỗ, Phường Tây Mỗ, Quận Nam Từ Liêm, Hà Nội",Quận Nam Từ Liêm,Đã bàn giao,95.0,3.0,,,2.0,Chung cư,Sổ hồng riêng,,,,,,6.2
"Đại Mỗ, Phường Tây Mỗ, Quận Nam Từ Liêm, Hà Nội",Quận Nam Từ Liêm,Đã bàn giao,31.0,1.0,,,1.0,Chung cư,Sổ hồng riêng,,,,,,2.1
"Phố Trần Điền, Phường Định Công, Quận Hoàng Mai, Hà Nội",Quận Hoàng Mai,Đã bàn giao,59.0,9.0,,6.0,,,,,,Bắc,,,18.0
"Đường Đại Mỗ, Phường Đại Mỗ, Quận Nam Từ Liêm, Hà Nội",Quận Nam Từ Liêm,Chưa bàn giao,67.0,2.0,HH3 FLC,12.0,2.0,,,,,,,,3.75
"Phố Nguyễn Chính, Phường Tân Mai, Quận Hoàng Mai, Hà Nội",Quận Hoàng Mai,Đã bàn giao,90.0,11.0,,,,,,,,Bắc,Đông Bắc,,26.0
"Phố Ngô Huy Quỳnh, Phường Việt Hưng, Quận Long Biên, Hà Nội",Quận Long Biên,Đã bàn giao,0.0,2.0,GH1,5.0,,,,,,Tây Bắc,,,0.0035
"Phố Nguyễn Cơ Thạch, Phường Mỹ Đình 1, Quận Nam Từ Liêm, Hà Nội",Quận Nam Từ Liêm,Đã bàn giao,130.0,3.0,,9.0,2.0,Chung cư,,,,,,,5.98
"Phố Quan Nhân, Phường Nhân Chính, Quận Thanh Xuân, Hà Nội",Quận Thanh Xuân,Đã bàn giao,45.0,11.0,,,,,,,,Bắc,Đông Bắc,,9.7
"Đường Kim Giang, Phường Đại Kim, Quận Hoàng Mai, Hà Nội",Quận Hoàng Mai,Chưa bàn giao,66.0,11.0,,,,,,,,Tây Nam,Đông,,16.2
"Phố Hoàng Liệt, Phường Hoàng Liệt, Quận Hoàng Mai, Hà Nội",Quận Hoàng Mai,Đã bàn giao,46.0,1.0,,,1.0,Chung cư,Hợp đồng mua bán,,,,,,1.9
"70, Phường Kiến Hưng, Quận Hà Đông, Hà Nội",Quận Hà Đông,Đã bàn giao,76.0,2.0,,,2.0,Chung cư,Sổ hồng riêng,,,,,,3.35
"Phố Võ Thị Sáu, Phường Thanh Nhàn, Quận Hai Bà Trưng, Hà Nội",Quận Hai Bà Trưng,Đã bàn giao,120.0,3.0,,3.0,,"Tập thể, cư xá",Sổ hồng riêng,,,,,,3.5
"Yên Viên, Thị trấn Trâu Quỳ, Huyện Gia Lâm, Hà Nội",Huyện Gia Lâm,Đã bàn giao,47.0,1.0,,,1.0,Chung cư,Sổ hồng riêng,,,,,,2.2
"Đại Mỗ, Phường Tây Mỗ, Quận Nam Từ Liêm, Hà Nội",Quận Nam Từ Liêm,Chưa bàn giao,48.0,2.0,,,1.0,,,,,Tây Nam,Đông Bắc,,3.3
"Ngõ 22 Nguyễn Đức Cảnh, Phường Tân Mai, Quận Hoàng Mai, Hà Nội",Quận Hoàng Mai,Đã bàn giao,66.0,11.0,,,,"Căn hộ dịch vụ, mini",Sổ hồng riêng,,,,,,14.9
"Đường Lai Xá, Xã Kim Chung, Huyện Hoài Đức, Hà Nội",Huyện Hoài Đức,Đã bàn giao,61.0,2.0,,,2.0,Chung cư,Sổ hồng riêng,,,,,,2.15
"Yên Viên, Thị trấn Trâu Quỳ, Huyện Gia Lâm, Hà Nội",Huyện Gia Lâm,Đã bàn giao,70.0,2.0,,,2.0,Chung cư,Sổ hồng riêng,,,,,,2.99
"Đường Lê Đức Thọ, Phường Mỹ Đình 2, Quận Nam Từ Liêm, Hà Nội",Quận Nam Từ Liêm,Chưa bàn giao,98.0,3.0,,,2.0,Chung cư,Sổ hồng riêng,,,,,,6.4
"Đường Lê Đức Thọ, Phường Mai Dịch, Quận Cầu Giấy, Hà Nội",Quận Cầu Giấy,Đã bàn giao,71.0,2.0,,6.0,2.0,Chung cư,,,,,,,4.19
"Giải Phóng, Phường Phương Liệt, Quận Thanh Xuân, Hà Nội",Quận Thanh Xuân,Đã bàn giao,80.0,3.0,,,2.0,Chung cư,Đang chờ sổ,,,,,,4.95
"Đường Hoàng Mai, Phường Hoàng Văn Thụ, Quận Hoàng Mai, Hà Nội",Quận Hoàng Mai,Chưa bàn giao,0.0,3.0,,2.0,2.0,Chung cư,,,,,,,0.0038
"Đại Mỗ, Phường Tây Mỗ, Quận Nam Từ Liêm, Hà Nội",Quận Nam Từ Liêm,Đã bàn giao,43.0,1.0,,,1.0,Chung cư,Sổ hồng riêng,,,,,,2.85
"Đại Mỗ, Phường Tây Mỗ, Quận Nam Từ Liêm, Hà Nội",Quận Nam Từ Liêm,Đã bàn giao,31.0,1.0,,,1.0,Chung cư,Sổ hồng riêng,,,,,,2.2
"Đại Mỗ, Phường Tây Mỗ, Quận Nam Từ Liêm, Hà Nội",Quận Nam Từ Liêm,Đã bàn giao,54.0,2.0,,,1.0,Chung cư,Sổ hồng riêng,,,,,,3.6
"Đại Mỗ, Phường Tây Mỗ, Quận Nam Từ Liêm, Hà Nội",Quận Nam Từ Liêm,Đã bàn giao,54.0,2.0,,,1.0,Chung cư,,,,,Đông Nam,,3.4
"Đường Xuân Đỉnh, Phường Xuân Đỉnh, Quận Bắc Từ Liêm, Hà Nội",Quận Bắc Từ Liêm,Đã bàn giao,42.0,2.0,,,1.0,,,,,Đông,Nam,,0.7
"Đại Mỗ, Phường Tây Mỗ, Quận Nam Từ Liêm, Hà Nội",Quận Nam Từ Liêm,Đã bàn giao,75.0,3.0,,,,Chung cư,Sổ hồng riêng,,Hoàn thiện cơ bản,,,,4.2
"Phố Hoàng Văn Thái, Phường Khương Mai, Quận Thanh Xuân, Hà Nội",Quận Thanh Xuân,Chưa bàn giao,44.0,11.0,,7.0,,"Căn hộ dịch vụ, mini",,,,,,,12.9
"đường láng, Phường Yên Hoà, Quận Cầu Giấy, Hà Nội",Quận Cầu Giấy,Đã bàn giao,50.0,2.0,,,1.0,,,,,Đông,Tây,,0.65
"Đường Thái Hà, Phường Trung Liệt, Quận Đống Đa, Hà Nội",Quận Đống Đa,Đã bàn giao,45.0,2.0,,,1.0,,,,,Bắc,Đông Nam,,0.65
"Phố Phương Mai, Phường Phương Mai, Quận Đống Đa, Hà Nội",Quận Đống Đa,Chưa bàn giao,50.0,2.0,,,,"Tập thể, cư xá",Sổ hồng riêng,,,,,,2.55
"Đại Mỗ, Phường Tây Mỗ, Quận Nam Từ Liêm, Hà Nội",Quận Nam Từ Liêm,Đã bàn giao,32.0,1.0,,,1.0,Chung cư,Sổ hồng riêng,,,,,,2.1
"Phố Phương Mai, Phường Phương Mai, Quận Đống Đa, Hà Nội",Quận Đống Đa,Chưa bàn giao,50.0,2.0,,,,"Tập thể, cư xá",Sổ hồng riêng,,,,,,2.76
"Xuân Tảo, Phường Xuân Tảo, Quận Bắc Từ Liêm, Hà Nội",Quận Bắc Từ Liêm,Đã bàn giao,110.0,3.0,,,2.0,Chung cư,,,,,Đông Nam,,7.55
"Trần Cung, Phường Cổ Nhuế 1, Quận Bắc Từ Liêm, Hà Nội",Quận Bắc Từ Liêm,Đã bàn giao,171.0,3.0,,,3.0,,,,,Tây Nam,Đông Nam,,9.65
"Đường Tây Mỗ, Phường Tây Mỗ, Quận Nam Từ Liêm, Hà Nội",Quận Nam Từ Liêm,Chưa bàn giao,75.0,3.0,,,2.0,Chung cư,,,,,Đông Nam,,4.75
"Đường Điện Biên Phủ, Phường Điện Biên, Quận Ba Đình, Hà Nội",Quận Ba Đình,Chưa bàn giao,56.0,2.0,,2.0,2.0,"Tập thể, cư xá",,,,,,,2.6
"Đường Hoàng Quốc Việt, Phường Nghĩa Đô, Quận Cầu Giấy, Hà Nội",Quận Cầu Giấy,Đã bàn giao,105.0,2.0,,,2.0,,,,,Đông,Tây,,5.6
"Phố Nam Đồng, Phường Nam Đồng, Quận Đống Đa, Hà Nội",Quận Đống Đa,Đã bàn giao,75.0,2.0,,,2.0,"Tập thể, cư xá",Sổ hồng riêng,,,,,,3.8
"Đường Lê Văn Lương, Phường Nhân Chính, Quận Thanh Xuân, Hà Nội",Quận Thanh Xuân,Đã bàn giao,110.0,3.0,,,2.0,Chung cư,,,,,Đông Nam,,6.0
"Đường Nguyễn Đạo An, Phường Phú Diễn, Quận Bắc Từ Liêm, Hà Nội",Quận Bắc Từ Liêm,Đã bàn giao,64.0,11.0,,,,"Căn hộ dịch vụ, mini",Sổ hồng riêng,,Nội thất cao cấp,,,,14.5
"Đường Đức Diễn, Phường Phúc Diễn, Quận Bắc Từ Liêm, Hà Nội",Quận Bắc Từ Liêm,Đã bàn giao,48.0,9.0,,,,"Căn hộ dịch vụ, mini",Sổ hồng riêng,,Nội thất cao cấp,,,,8.9
"Phố Ngọc Hà, Phường Ngọc Hà, Quận Ba Đình, Hà Nội",Quận Ba Đình,Chưa bàn giao,50.0,1.0,,,,"Tập thể, cư xá",Sổ hồng riêng,,,,,,3.5
"Đường Phú Diễn, Phường Phú Diễn, Quận Bắc Từ Liêm, Hà Nội",Quận Bắc Từ Liêm,Đã bàn giao,55.0,11.0,,,,"Căn hộ dịch vụ, mini",Sổ hồng riêng,,Nội thất cao cấp,,,,10.5
